sex,last_voted,age_a,citizenship_a,maritalstatus_a,zip_a,name
Female,2,<30,EU,Married,21xx,"el-Yasin, Sakeena"
Male,1,<30,EU,Married,22xx,"el-Farag, Nabeeh"
Female,1,<30,EU,Married,23xx,"Tewelde, Ashley"
Male,1,<30,EU,Married,23xx,"Lewis, Shomari"
Male,1,<30,EU,Married,21xx,"el-Ismael, Ismaeel"
Male,1,<30,non EU,Married,21xx,"Loftus, Jonathon"
Female,1,<30,EU,Married,24xx,"el-Awan, Hazeela"
Male,1,<30,EU,Married,23xx,"el-Basha, Aasim"
Female,2,<30,EU,Married,22xx,"Yancey, Cheyenne"
Male,1,<30,EU,Married,21xx,"Miyauchi, Ryan"
Female,1,<30,EU,Married,22xx,"Chretien, Danica"
Female,1,<30,EU,Married,21xx,"Ortega, Alinn"
Male,2,<30,EU,Married,23xx,"Gelinas, Mitchell"
Female,1,<30,EU,Married,21xx,"Martinez, Elberta"
Female,2,<30,EU,Married,21xx,"Naylor, Ebany"
Male,2,<30,EU,Married,22xx,"al-Beydoun, Maa'iz"
Female,1,<30,EU,Married,22xx,"Cunningham, Jordan"
Female,1,<30,non EU,Married,21xx,"al-Salame, Raafida"
Male,1,<30,EU,Married,21xx,"al-Hammoud, Zuhair"
Male,1,<30,EU,Married,22xx,"Durden-Porter, Jacob"
Female,2,<30,EU,Married,21xx,"Jackson, Albony"
Male,2,<30,EU,Married,24xx,"al-Vohra, Kabeer"
Female,1,<30,EU,Married,24xx,"Delaney, Payton"
Male,1,<30,EU,Married,22xx,"al-Idris, Saleem"
Female,1,<30,EU,Married,22xx,"al-Siddiqui, Sitaara"
Female,1,<30,non EU,Married,21xx,"al-Farooqui, Tahiyya"
Female,2,<30,EU,Married,24xx,"al-Kaber, Hujja"
Male,2,<30,EU,Married,21xx,"el-Nazar, Shawqi"
Female,2,<30,non EU,Married,24xx,"Diller, Jenna"
Male,2,<30,EU,Married,21xx,"Castorena-Esquivel, Sergio"
Female,1,<30,EU,Married,22xx,"Apodaca Cordova, Kristie"
Female,2,<30,EU,Married,23xx,"Rouse, Keauna"
Male,1,<30,EU,Married,22xx,"Lopez Murillo, Giovanni"
Female,1,30-49,EU,Married,24xx,"Frazer, Danielle"
Male,1,30-49,EU,Married,23xx,"Folsom, Sheldon"
Female,1,30-49,EU,Married,23xx,"Meltesen-Lee, Mary"
Male,1,30-49,EU,Married,22xx,"Mccary, Alec"
Female,1,30-49,EU,Married,23xx,"Lucero, Stephanie"
Male,2,30-49,EU,Married,21xx,"Ruiz Hernandez, Jonathon"
Female,1,30-49,EU,Married,21xx,"Gonzalez, Lisbeth"
Female,1,30-49,EU,Married,24xx,"Allen, Ebony"
Female,1,<30,EU,Married,24xx,"Santillanes, Shani"
Male,1,30-49,EU,Married,21xx,"Burnett, Dandre"
Female,1,30-49,EU,Married,24xx,"Lyon, Emily"
Female,1,<30,EU,Married,21xx,"Maclellan, Ariana"
Female,1,30-49,EU,Married,22xx,"Groesbeck, Alexandria"
Male,1,<30,EU,Married,22xx,"Murphy, Shomari"
Female,1,<30,EU,Married,21xx,"Sameshima, Joanna"
Male,1,30-49,EU,Married,24xx,"Robele, Orlando"
Male,2,30-49,EU,Married,23xx,"Cordova, Zeferino"
Male,2,30-49,EU,Married,23xx,"Elizalde, Dario"
Male,1,30-49,EU,Married,22xx,"Byrd, Charles"
Male,1,30-49,EU,Married,23xx,"Neal, Ryan"
Female,1,30-49,EU,Married,23xx,"Apineru, Arshia"
Female,1,30-49,EU,Single,21xx,"Curry, Mische"
Male,1,<30,EU,Married,21xx,"Schmalz, Joseph"
Male,1,30-49,EU,Married,24xx,"Gonzales, Rafael"
Male,2,30-49,EU,Married,21xx,"Page, Paul"
Male,1,30-49,EU,Married,22xx,"Nguyen, Adam"
Female,1,30-49,non EU,Married,23xx,"Chen, Joslyn"
Female,2,30-49,EU,Married,21xx,"al-Satter, Nawwaara"
Male,2,30-49,EU,Married,22xx,"Murrietta, Hisever"
Female,1,30-49,EU,Married,22xx,"Sanders, Tiana"
Male,1,<30,EU,Married,21xx,"Millard, Nicholas"
Female,1,30-49,EU,Married,22xx,"Pinto, Stephanie"
Female,2,30-49,EU,Single,24xx,"Pak, Aia"
Male,1,30-49,EU,Married,21xx,"Arsenault, Forrest"
Male,2,30-49,EU,Married,22xx,"el-Guler, Taahir"
Male,1,30-49,non EU,Married,24xx,"O'Brien, Josh"
Female,1,<30,EU,Married,23xx,"Zamora, Brynja"
Male,1,30-49,EU,Married,21xx,"Olveda Madrid, Felix"
Male,1,30-49,EU,Married,21xx,"Marquez, Ernesto"
Female,1,30-49,EU,Married,23xx,"Davis, Ayreonnah"
Female,1,30-49,EU,Married,23xx,"Islamzai, Kelly"
Female,2,30-49,EU,Married,23xx,"el-Shahin, Naqaa"
Male,1,30-49,EU,Married,23xx,"Richardson, Wesley"
Male,1,30-49,EU,Married,24xx,"Terrell, Deion"
Female,1,30-49,EU,Married,23xx,"Reynolds, Olivia"
Male,1,30-49,non EU,Married,21xx,"Garcia, Roberto"
Female,1,30-49,EU,Married,23xx,"Avila, Alyssa"
Female,2,30-49,EU,Married,23xx,"Duran, Georgina"
Male,2,30-49,EU,Married,21xx,"el-Shahan, Arhab"
Male,1,30-49,EU,Married,23xx,"Pielsticker, Timmy"
Male,2,30-49,EU,Married,22xx,"Johnson, Tatse"
Male,2,30-49,EU,Married,23xx,"el-Akhtar, Saalih"
Female,2,30-49,EU,Married,23xx,"Grayson, Hailee"
Male,1,30-49,EU,Married,21xx,"al-Rabbani, Abdul Khaliq"
Female,2,30-49,EU,Married,22xx,"Perez, Emelin"
Male,1,<30,EU,Married,21xx,"Vigil Jr, Antonio"
Female,1,<30,EU,Married,22xx,"al-Rashed, Haakima"
Female,1,30-49,EU,Married,24xx,"al-Abood, Shahaada"
Male,1,30-49,EU,Married,22xx,"Mendez, Eddie"
Male,1,30-49,EU,Married,24xx,"al-Doud, Shabaan"
Female,2,30-49,EU,Married,24xx,"Sullivan, Angelica"
Female,1,30-49,EU,Married,21xx,"Atkinson, Emily"
Male,2,<30,EU,Married,22xx,"Sullivan, Beau"
Female,1,30-49,EU,Married,21xx,"Wood, Javeria"
Male,1,30-49,EU,Married,22xx,"Roy, Wayne"
Male,1,<30,EU,Married,23xx,"Canty, Jared"
Male,2,30-49,EU,Married,21xx,"al-Fahs, Daawood"
Female,1,30-49,EU,Married,23xx,"Sanchez, Alexandria"
Male,1,30-49,EU,Married,24xx,"Her, Samuel"
Female,1,30-49,EU,Married,23xx,"Singh, Anna"
Female,2,<30,EU,Married,23xx,"Fan, Amanda"
Female,1,<30,EU,Married,21xx,"al-Yousif, Iffat"
Male,1,30-49,EU,Married,23xx,"Taylor, Kenneth"
Female,2,30-49,EU,Married,24xx,"Escorza, Leticia"
Female,1,30-49,EU,Married,23xx,"Moore, Tamara"
Male,1,30-49,EU,Married,24xx,"Tafoya, Auden"
Male,1,30-49,non EU,Married,22xx,"Ambaye, Austin"
Male,1,30-49,EU,Married,24xx,"el-Arif, Wajeeb"
Female,2,30-49,EU,Married,23xx,"el-Basha, Saabira"
Female,1,30-49,EU,Married,24xx,"Sa, Shagun"
Female,1,30-49,EU,Married,23xx,"el-Younes, Umaima"
Male,1,<30,EU,Married,22xx,"al-Ibrahim, Annnees"
Female,2,30-49,EU,Married,22xx,"Fernandes, Cindy"
Male,1,30-49,EU,Married,21xx,"Woo, Thai"
Male,1,30-49,EU,Married,21xx,"Wheeler II, Nathon"
Female,1,30-49,EU,Single,21xx,"el-Guler, Hissa"
Male,2,30-49,EU,Married,24xx,"Carrasco, Alexis"
Female,1,30-49,EU,Married,23xx,"Engstrom, Krista"
Male,1,<30,EU,Married,21xx,"Sanchez, Nicklos"
Male,1,30-49,EU,Married,22xx,"Hamilton, Addam"
Female,2,30-49,EU,Married,22xx,"Gallegos, Cheyenne"
Female,1,30-49,EU,Married,22xx,"Malick, Emily"
Male,1,30-49,EU,Married,21xx,"Trujillo, Victor"
Male,1,30-49,EU,Married,21xx,"Lopez-Dozal, Alejandro"
Male,1,<30,EU,Married,21xx,"el-Kanan, Mus'ab"
Female,2,30-49,EU,Married,21xx,"Matau, Anupama"
Male,1,30-49,EU,Married,22xx,"Pena, Jordan"
Female,1,30-49,EU,Married,21xx,"Hanson, Madeline"
Male,1,30-49,EU,Married,23xx,"al-Ebrahimi, Rashaad"
Female,1,30-49,EU,Married,22xx,"Risenhoover, Cassidy"
Male,1,30-49,EU,Married,23xx,"al-Aziz, Akram"
Female,2,30-49,EU,Married,24xx,"Mathews, Nakia"
Male,2,30-49,EU,Married,21xx,"Love, Bozhidar"
Female,1,30-49,EU,Married,24xx,"el-Ghazi, Rasheeqa"
Male,1,30-49,EU,Married,23xx,"Mcclure, Leighton"
Female,2,30-49,EU,Married,23xx,"al-Mitri, Rawda"
Male,1,30-49,EU,Single,23xx,"Finney, Isaiah"
Male,1,30-49,EU,Married,21xx,"Zahn, Richard"
Male,2,30-49,EU,Married,22xx,"Messenger, Preston"
Male,1,30-49,EU,Married,24xx,"Romero, Tyler"
Female,2,30-49,EU,Married,21xx,"Carter, Amanda"
Female,1,30-49,non EU,Married,23xx,"Vigil, Julia"
Male,2,30-49,EU,Married,24xx,"Arechiga, Marcus"
Male,1,30-49,EU,Married,23xx,"al-Younan, Nu'maan"
Female,1,30-49,EU,Married,24xx,"Mortensen, Selena"
Female,2,30-49,EU,Married,21xx,"el-Noor, Haifaaa"
Male,1,30-49,EU,Married,22xx,"Porambo, Christian"
Female,1,30-49,EU,Married,22xx,"Duran, Mariela"
Male,1,30-49,EU,Married,22xx,"Freeland, Leroy"
Female,2,30-49,EU,Married,22xx,"el-Abraham, Raaniya"
Male,1,30-49,EU,Married,22xx,"Pae, Jordan"
Male,1,30-49,EU,Married,21xx,"Molina, Miles"
Female,1,30-49,EU,Married,21xx,"Billings, Aiyana"
Female,2,30-49,EU,Married,21xx,"Sands, Melissa"
Female,1,30-49,EU,Married,23xx,"Williams, Paris"
Male,1,30-49,EU,Married,24xx,"Garcia, Pablo"
Female,1,30-49,EU,Married,22xx,"Mcgee, Rebekah"
Female,2,30-49,EU,Single,22xx,"Maes, Marysa"
Female,2,30-49,EU,Married,22xx,"el-Samra, Reema"
Male,1,30-49,EU,Married,24xx,"Pope, Dyllon"
Female,1,30-49,EU,Married,23xx,"Moonlight, Mikayla"
Male,2,30-49,EU,Married,23xx,"Vigil, Joel"
Female,1,30-49,non EU,Married,21xx,"Hornbuckle, Breanna"
Male,1,30-49,non EU,Married,24xx,"Crespo, Darrian"
Female,1,30-49,EU,Married,24xx,"Quintanilla, Valerie"
Male,1,30-49,EU,Married,22xx,"Cook, Taylor"
Female,2,30-49,EU,Married,22xx,"Hodges, Marilyn"
Male,1,30-49,EU,Married,22xx,"Brown, Jorden"
Female,1,30-49,EU,Married,24xx,"Matheny, Cassandra"
Female,1,30-49,EU,Married,22xx,"Ouch, Yayoua"
Male,2,30-49,EU,Married,23xx,"Hernandez, Christian"
Male,1,30-49,EU,Married,23xx,"al-Saba, Muthanna"
Male,1,30-49,EU,Married,24xx,"Eriven, Lionel"
Female,1,30-49,EU,Married,23xx,"Aberle, Larissa"
Male,1,30-49,EU,Married,22xx,"Dimino-Santistevan, Damien"
Female,1,30-49,EU,Married,24xx,"Quintana, Selena"
Male,1,30-49,EU,Married,24xx,"Kilstrom, Marquis"
Male,1,30-49,EU,Married,22xx,"Michels, Dakota"
Male,2,30-49,EU,Married,24xx,"al-Aydin, Mufeed"
Male,2,30-49,EU,Married,24xx,"Turner, Nyaire"
Female,1,30-49,EU,Single,23xx,"Jumbo, Justice"
Female,1,30-49,EU,Married,22xx,"Eberhart, Cassondra"
Male,1,30-49,EU,Married,24xx,"Dessau, Chul"
Female,1,30-49,non EU,Single,21xx,"John, Olivia"
Male,2,30-49,EU,Married,22xx,"Salazar, Orlando"
Female,1,30-49,EU,Married,24xx,"al-Muhammed, Habeeba"
Female,1,30-49,EU,Married,24xx,"Fernandez, Dominique"
Male,2,30-49,EU,Married,23xx,"al-Minhas, Taqi"
Male,1,30-49,EU,Married,22xx,"Greene, Khaleb"
Male,1,30-49,EU,Single,24xx,"Stauffer, Branden"
Male,1,30-49,EU,Married,23xx,"al-Mourad, Maaiz"
Male,1,30-49,EU,Married,23xx,"Mariman, Benjamin"
Female,2,30-49,EU,Single,24xx,"Clark, Apryll"
Female,2,30-49,EU,Married,22xx,"Campbell, Victoria"
Male,1,30-49,EU,Married,24xx,"Quijano, Marcus"
Male,1,30-49,EU,Married,22xx,"Wang, Ailec"
Female,1,30-49,EU,Married,21xx,"Crum, Mariah"
Male,2,30-49,EU,Single,23xx,"Williams, Morrail"
Male,1,30-49,EU,Single,23xx,"Gibbs, Bobby"
Male,2,30-49,EU,Married,22xx,"Darnell Anderson, Michael"
Female,1,30-49,EU,Married,24xx,"Beyene, Ronnica"
Male,2,30-49,EU,Married,22xx,"Fifer, Tristin"
Male,2,30-49,EU,Single,23xx,"Robles, Timothy"
Male,1,30-49,EU,Married,21xx,"Jimenez, Abdi"
Male,2,30-49,EU,Married,22xx,"Sims, Cody"
Male,2,30-49,EU,Married,24xx,"Warlum-Webster, Jordan"
Male,1,30-49,EU,Married,22xx,"Zollars, Carl"
Male,1,30-49,EU,Single,23xx,"Wommack, Thaine"
Female,1,30-49,EU,Married,21xx,"el-Bashir, Haaniya"
Male,2,30-49,EU,Married,22xx,"Landry, Christopher"
Male,1,30-49,EU,Married,21xx,"Murray, Rashawn"
Female,1,30-49,EU,Married,24xx,"Mayes, Danielle"
Male,1,30-49,EU,Single,23xx,"De La Cueva, Manuel"
Female,1,30-49,EU,Married,22xx,"el-Shahidi, Haibaa"
Female,1,30-49,EU,Married,24xx,"Garcia, Sarahi"
Female,1,30-49,EU,Married,21xx,"al-Salik, Saalima"
Female,1,30-49,EU,Married,22xx,"Schultz, Michelle"
Female,1,30-49,EU,Single,24xx,"Gonzalez, Jocelyn"
Female,2,30-49,EU,Married,23xx,"Garcia, Najarai"
Female,1,30-49,EU,Married,24xx,"Deloux, Kayla"
Male,1,30-49,EU,Married,24xx,"Ossareh, Jared"
Male,2,30-49,EU,Married,23xx,"Key, Bryan"
Male,1,30-49,non EU,Single,24xx,"Grubaugh, David"
Male,1,30-49,EU,Married,24xx,"May, Kacey"
Male,2,30-49,EU,Married,22xx,"Mascarenas, Luis"
Female,1,30-49,EU,Single,23xx,"Gallegos, Layla"
Male,1,30-49,EU,Single,24xx,"al-Jafari, Abdur Raheem"
Male,1,30-49,EU,Married,24xx,"Coley, Miles"
Male,1,30-49,EU,Married,24xx,"Garone, Brandon"
Male,2,30-49,EU,Married,24xx,"Yee, Brian"
Female,1,30-49,EU,Married,24xx,"el-Sattar, Reema"
Male,2,30-49,EU,Married,24xx,"Ali, Ezekiel"
Female,1,30-49,EU,Married,22xx,"Rasmussen, Amanda"
Male,2,30-49,EU,Married,23xx,"Pham, Esstefan"
Female,2,30-49,EU,Married,22xx,"Boden, Jayda"
Male,1,30-49,EU,Single,21xx,"Dearing, James"
Female,2,30-49,EU,Single,22xx,"Alarcon, Mercedes"
Male,1,30-49,EU,Married,22xx,"Thompson, Rocky"
Male,1,30-49,EU,Married,22xx,"Hannig, Anthony"
Male,1,30-49,EU,Married,24xx,"Martinez, Angel"
Female,1,30-49,EU,Married,23xx,"Jeong, Kalina"
Male,1,30-49,EU,Married,21xx,"Ali, Courtney"
Male,1,30-49,EU,Married,21xx,"Stumpe, Jason"
Male,1,30-49,EU,Married,23xx,"Murray, Ka-Jana"
Female,1,30-49,EU,Married,24xx,"Rindy, Tessa"
Male,1,30-49,EU,Married,22xx,"al-Salehi, Amaanullah"
Female,1,30-49,EU,Married,21xx,"Mosher, Amy"
Female,1,30-49,EU,Married,21xx,"Vasquez, Selena"
Female,1,30-49,EU,Single,24xx,"Yoshimura, Mitzi"
Male,1,30-49,EU,Married,21xx,"Camacho, Austin"
Male,1,50-64,EU,Single,22xx,"Rivera, Julio"
Male,1,50-64,EU,Single,21xx,"Rael, Alvaro"
Male,2,50-64,EU,Married,22xx,"Chukwuka, John"
Female,1,50-64,EU,Married,23xx,"el-Haq, Sadeeda"
Male,1,50-64,EU,Single,24xx,"Yazzie, Michael"
Male,2,30-49,EU,Married,22xx,"Murray, Antonio"
Male,1,30-49,EU,Married,23xx,"el-Jan, Shaddaad"
Male,1,50-64,EU,Married,23xx,"el-Agha, Khairi"
Male,1,30-49,EU,Married,24xx,"Masingale, Colton"
Male,1,30-49,EU,Married,22xx,"Molitor, Job"
Male,2,50-64,EU,Married,23xx,"el-Abraham, Nabeel"
Male,1,50-64,EU,Married,23xx,"el-Turay, Naazil"
Female,2,30-49,EU,Married,22xx,"Lohrenz, Shawnee"
Female,1,30-49,EU,Married,23xx,"Tharpe, Vivian"
Male,1,50-64,EU,Married,22xx,"el-Amer, Waleed"
Male,1,50-64,EU,Married,24xx,"Spetsas, Anthony"
Female,1,50-64,EU,Married,24xx,"el-Kazemi, Sajiyya"
Male,1,50-64,EU,Single,22xx,"Anderson, Shawn"
Female,1,50-64,non EU,Married,23xx,"Goodman, Bergen"
Female,1,30-49,EU,Married,21xx,"Martinez, Alexus"
Female,1,50-64,EU,Married,21xx,"Jeffery, Lydia"
Female,1,50-64,non EU,Married,24xx,"Kessack, Janea"
Female,2,50-64,EU,Married,24xx,"Medina, Reyna"
Male,1,50-64,EU,Married,24xx,"Johnson, Patrick"
Female,1,50-64,EU,Married,24xx,"Arellano, Gabrielle"
Male,2,50-64,non EU,Married,23xx,"el-Malek, Ishaaq"
Female,2,50-64,EU,Married,22xx,"el-Abdelrahman, Mawzoona"
Female,2,50-64,EU,Married,24xx,"Campbell, Desirrae"
Male,2,50-64,EU,Married,23xx,"Powell, Auston"
Male,1,50-64,EU,Married,22xx,"Gowda, Joshua"
Female,1,30-49,EU,Married,24xx,"Mauldin, Mary"
Female,1,30-49,EU,Married,21xx,"Fugate, Lisa"
Female,1,50-64,EU,Married,23xx,"Willow, Kaila"
Male,2,50-64,EU,Married,22xx,"Cuthbert Jr, Marcell"
Female,1,50-64,EU,Married,24xx,"Lenard, Patricia"
Male,2,50-64,EU,Married,21xx,"Martinez, Cruz"
Male,2,50-64,EU,Married,24xx,"Hsin, Savio"
Female,1,30-49,EU,Married,22xx,"Ramos, Veronica"
Male,1,50-64,EU,Married,21xx,"Negash, Demario"
Female,1,30-49,non EU,Married,24xx,"el-Usman, Arwa"
Female,1,30-49,EU,Married,24xx,"al-Ghazi, Zeena"
Female,1,30-49,EU,Married,21xx,"Vai, Rachel"
Female,2,50-64,EU,Single,24xx,"Ulery, Kelby"
Male,1,50-64,EU,Single,24xx,"Hinz, Ryan"
Female,1,50-64,EU,Single,21xx,"Brunner, Natalie"
Female,1,30-49,EU,Married,24xx,"Mays, Lyberti"
Male,1,50-64,EU,Married,24xx,"Horn, Joshua"
Male,1,50-64,EU,Married,21xx,"Keelick, Mareno"
Male,1,50-64,EU,Married,22xx,"el-Soltani, Abdul Noor"
Male,1,30-49,EU,Married,23xx,"Gibson, Bradley"
Female,1,50-64,EU,Married,23xx,"Howell, Niavis"
Female,1,30-49,EU,Married,24xx,"al-Majid, Saafiyya"
Female,1,50-64,EU,Married,24xx,"Russell, Jessica"
Male,1,50-64,EU,Married,23xx,"al-Rahimi, Tawfeeq"
Male,1,50-64,EU,Married,23xx,"Sweetwater, Isaiah"
Male,1,50-64,EU,Married,21xx,"Sun, Evan"
Male,1,30-49,non EU,Married,24xx,"Schwartz, Mason"
Male,2,30-49,EU,Single,23xx,"Johnson, Andrew"
Male,2,30-49,non EU,Married,23xx,"el-Hassan, Kameel"
Female,2,30-49,EU,Married,24xx,"Valadez, Tristine"
Female,1,50-64,EU,Married,21xx,"Zoetewey, Shelby"
Male,2,30-49,non EU,Single,23xx,"al-Satter, Abdul Wadood"
Female,1,30-49,EU,Married,23xx,"Mcelhaney, Tiffany"
Male,2,30-49,EU,Married,24xx,"Kibel, Charles"
Male,1,50-64,EU,Married,22xx,"Webb, Chaska"
Female,2,50-64,EU,Married,23xx,"Robinson III, Michaela"
Female,2,30-49,EU,Married,24xx,"Roberts, Ka'Ima"
Male,1,50-64,EU,Married,23xx,"Williams, Xavier"
Male,1,50-64,non EU,Married,23xx,"Johnson, Tonio"
Female,2,50-64,EU,Married,23xx,"al-Matar, Sabreen"
Male,1,30-49,EU,Married,24xx,"Mcdowell, Sidney"
Male,2,50-64,EU,Married,24xx,"Trujillo, Bryan"
Male,1,50-64,EU,Married,24xx,"Youngblood, Christian"
Male,2,30-49,EU,Married,21xx,"Castillo, Andrew"
Male,2,30-49,EU,Married,23xx,"Solis, Taylor"
Female,1,50-64,non EU,Married,22xx,"Tucker, Catherine"
Male,1,50-64,EU,Single,21xx,"Bruce, Mato Ty"
Male,1,50-64,EU,Married,22xx,"Hammond, Elias"
Female,1,50-64,EU,Married,24xx,"Santee, Amber"
Male,1,50-64,EU,Married,24xx,"al-Salik, Aabdeen"
Female,1,50-64,EU,Married,23xx,"Cabral, Symone"
Male,1,50-64,EU,Married,22xx,"Ngo, Tyler"
Male,1,50-64,EU,Married,24xx,"Glover, Tyler"
Male,1,30-49,EU,Single,24xx,"Lial, Richard"
Male,1,50-64,EU,Single,23xx,"Jones, Jonathan"
Female,2,50-64,EU,Married,22xx,"Pannell, Davisha"
Female,2,30-49,EU,Married,24xx,"el-Khalil, Tawheeda"
Female,2,50-64,EU,Married,24xx,"al-Khawaja, Rif'a"
Male,2,30-49,EU,Married,24xx,"Herrera, Shane"
Female,2,50-64,EU,Married,24xx,"Herrera, Lexey"
Female,1,30-49,EU,Married,23xx,"Dinh, Thu"
Male,1,50-64,EU,Married,22xx,"Hill, Joseph"
Male,1,50-64,EU,Married,23xx,"al-Fahs, Zayyaan"
Female,1,50-64,EU,Single,22xx,"Schneider, Julia"
Male,1,50-64,EU,Single,24xx,"Goedde, Phillip"
Female,1,65+,EU,Single,21xx,"Kascak, Chelsea"
Male,1,50-64,EU,Married,21xx,"al-Farha, Abdul Waahid"
Female,1,65+,EU,Married,22xx,"Landry, Nicole"
Female,2,65+,EU,Married,24xx,"Yu, Tram-Anh"
Female,2,50-64,EU,Single,23xx,"Cook, Bre'Anna"
Female,2,50-64,EU,Married,22xx,"Lam, Pranaya"
Female,1,50-64,EU,Married,24xx,"Buskey-Williams, Ellen"
Male,2,50-64,EU,Single,24xx,"Gibson, Isaiah"
Male,1,50-64,EU,Single,22xx,"Marshall, Andrew"
Female,2,50-64,EU,Married,23xx,"Zanders, Brianna"
Female,2,65+,non EU,Married,23xx,"Lehi, Jamice"
Male,2,50-64,EU,Married,23xx,"Hughes, Aaron"
Female,2,65+,EU,Married,24xx,"Gaeta, Marina"
Male,2,50-64,EU,Married,21xx,"el-Basa, Arafaat"
Female,2,50-64,EU,Married,24xx,"Wilson, Rachel"
Male,1,65+,EU,Married,23xx,"Thomas, Keith"
Male,1,50-64,EU,Married,21xx,"Generalao, Neil"
Female,1,50-64,EU,Married,24xx,"Bautista, Chia-Hsin"
Male,1,50-64,EU,Married,23xx,"al-Taha, Badruddeen"
Male,1,50-64,EU,Married,23xx,"Robertson, Christian"
Male,2,50-64,EU,Married,22xx,"Kaiwi, Lance"
Female,1,65+,EU,Married,23xx,"Falls, Ilgude"
Male,1,50-64,EU,Married,24xx,"Bennett, Hunter"
Female,1,50-64,EU,Married,22xx,"Dickson, Echo"
Female,2,65+,EU,Single,22xx,"Enos, Carolina"
Male,1,50-64,EU,Married,23xx,"al-Hannan, Misfar"
Female,1,65+,EU,Single,24xx,"Kinney, Alison"
Female,1,50-64,EU,Married,24xx,"Cross, Brittany"
Female,1,50-64,EU,Married,22xx,"Medina, Yesenia"
Female,1,65+,EU,Married,23xx,"Pace, Mikayla"
Male,1,50-64,EU,Married,24xx,"Begay, Roman"
Male,2,50-64,EU,Single,24xx,"Setliff, Jordon"
Female,1,50-64,EU,Married,22xx,"D'Almeida, Makia"
Female,1,50-64,EU,Married,23xx,"Jiron, Janice"
Female,1,50-64,EU,Single,24xx,"Castaneda, Cheyene"
Male,1,50-64,EU,Married,22xx,"Sanchez, Marco"
Female,2,50-64,EU,Married,22xx,"Green, Mikelle"
Female,1,50-64,EU,Single,24xx,"Martinez, Sitclali"
Male,2,50-64,EU,Married,24xx,"Dowdell, Aaron"
Male,1,50-64,EU,Married,21xx,"Schlabaugh, Patrick"
Female,2,50-64,EU,Married,21xx,"Holland, Khayla"
Male,1,50-64,EU,Married,22xx,"Barron, Brandon"
Male,2,50-64,EU,Married,22xx,"Williams, Mark"
Male,1,50-64,EU,Married,24xx,"Romero, Elier"
Male,1,50-64,EU,Married,21xx,"el-Shaban, Hasan"
Female,1,50-64,EU,Married,24xx,"Conrad, Kayla"
Male,1,50-64,EU,Single,23xx,"Dilley, Wilbert"
Female,1,50-64,EU,Single,24xx,"Delarosa, Justine"
Female,1,50-64,non EU,Married,24xx,"Reynolds, Chelsi"
Female,1,50-64,EU,Married,23xx,"Drummond, Sarena"
Female,1,65+,EU,Married,24xx,"Njenga, Edwina"
Female,1,50-64,EU,Married,21xx,"Vigil, Chasity"
Male,1,50-64,EU,Married,24xx,"Brough, Tylor"
Female,1,50-64,EU,Married,24xx,"Garcia, Tracy"
Female,1,50-64,EU,Married,23xx,"Owens, Megha"
Female,1,50-64,EU,Married,22xx,"Rodriguez, Abriana"
Male,1,65+,EU,Married,24xx,"Lucero, Davis"
Female,1,65+,EU,Single,22xx,"Seo, Sierra"
Male,1,65+,EU,Married,23xx,"Joseph, Lamar"
Female,1,50-64,EU,Married,23xx,"al-Sylla, Amaani"
Female,1,50-64,EU,Married,24xx,"Schuhrke, Karli"
Female,1,65+,EU,Married,22xx,"Fernandez Dela Torre, Sabrina"
Female,1,50-64,EU,Married,24xx,"Williams-Bright, Jade"
Male,1,50-64,EU,Married,24xx,"Adams, Sean"
Female,1,65+,EU,Married,23xx,"Haigler, Kyana"
Male,1,50-64,EU,Married,24xx,"Hoy, Matthew"
Male,1,50-64,EU,Married,24xx,"Burgess, Tyler"
Male,1,65+,EU,Married,23xx,"Anderson, Josiah"
Female,1,65+,EU,Married,23xx,"Rose, Leticia"
Female,2,65+,EU,Married,24xx,"Orona, Breanna"
Female,1,65+,EU,Married,21xx,"Vandel, Kathleen"
Female,1,65+,EU,Married,24xx,"Adams, Lawra"
Female,1,65+,EU,Single,21xx,"Chavez, Yolanda"
Male,1,65+,EU,Single,22xx,"Post, Jesse"
Female,1,65+,EU,Married,23xx,"Garcia, Amara"
Female,1,65+,EU,Single,23xx,"Eatton, Erayna"
Female,1,65+,EU,Married,22xx,"Cooper, Mikhaila"
Male,2,65+,EU,Married,24xx,"Johnson, Dion"
Male,1,65+,EU,Married,23xx,"Vergara, Eric"
Female,1,65+,EU,Married,22xx,"Rogers, Anjanet"
Female,1,65+,EU,Married,24xx,"Ortega, Isabella"
Male,1,65+,EU,Married,24xx,"Ruiz, Michaeli"
Male,2,65+,EU,Married,22xx,"al-Saladin, Tufail"
Female,1,65+,EU,Married,24xx,"al-Hammad, Salma"
Male,1,65+,EU,Married,23xx,"Mccoo, Chamaray"
Male,1,65+,EU,Married,22xx,"Rios, Avelino"
Female,1,65+,EU,Married,23xx,"Ly, Thu"
Female,1,65+,EU,Single,24xx,"Persson, Claire"
Female,1,65+,EU,Married,24xx,"Perales, Elijah"
Female,1,65+,EU,Married,24xx,"Espinosa, Lauren"
Female,2,65+,EU,Married,22xx,"Arellano, Yea Eun"
Male,2,65+,EU,Married,21xx,"Christensen, Landon"
Female,1,65+,EU,Married,24xx,"Kelly, Atienne"
Female,1,65+,EU,Married,24xx,"Pineda, Allexis"
Male,1,65+,EU,Married,24xx,"Gilkey, Kamen"
Female,2,65+,EU,Single,24xx,"Gunnell, Devan"
Female,1,65+,EU,Married,22xx,"Sloan, Ashley"
Male,2,65+,EU,Married,24xx,"el-Shahan, Annnees"
Female,1,65+,EU,Married,23xx,"Bonner, Amanda"
Female,2,65+,EU,Single,24xx,"Saucedo-Castorena, Emilee"
Male,1,65+,EU,Single,23xx,"Chang, Alexander"
Male,1,65+,non EU,Married,23xx,"Garcia, Brandon"
Male,1,65+,EU,Married,24xx,"Norris, Christopher"
Male,1,65+,EU,Single,23xx,"Valenzuela, Cody"
Male,1,65+,EU,Married,22xx,"Epps, Devante"
Female,1,65+,EU,Single,23xx,"Aguilar-Duenez, Carly"
Female,1,65+,EU,Married,22xx,"Lucero, Rashele"
Male,1,65+,EU,Single,24xx,"Camacho, Andre"
Female,1,65+,EU,Married,23xx,"Azure, Miranda"
Male,1,65+,EU,Married,24xx,"Robertson, Joseph"
Female,1,65+,EU,Married,22xx,"Bunting, Dominique"
Female,1,65+,EU,Married,22xx,"Vongsaraphanh Khamvongsa, Nalani"
Female,1,65+,non EU,Single,22xx,"al-Abdallah, Zakiyya"
Male,2,65+,EU,Single,24xx,"Hoell-Dixon, Brandon"
Male,2,65+,EU,Married,24xx,"Nguyen, Jonathan"
Female,1,65+,EU,Married,23xx,"Pham, Marjan"
Male,2,65+,EU,Single,24xx,"Lee, Myles"
Male,1,65+,EU,Married,23xx,"Gonzales, Orion"
Male,0,<30,EU,Married,21xx,"Ware, Kenneth"
Female,0,<30,EU,Married,22xx,"Smith, Alexus"
Female,0,<30,EU,Married,21xx,"Miles, Sarah"
Female,0,30-49,EU,Married,24xx,"Nichols, Tylor"
Male,0,<30,EU,Married,21xx,"Ortiz, Climaco"
Female,0,<30,EU,Married,23xx,"Onofrio, Elise"
Female,0,<30,EU,Married,21xx,"Ball, Marceen"
Male,0,<30,EU,Married,23xx,"Herold, Nickolas"
Male,0,<30,EU,Married,21xx,"Yanito, Andre"
Female,2,30-49,non EU,Married,21xx,"Tran, Fane"
Male,0,30-49,EU,Married,24xx,"Cocklin, Samuel"
Male,2,30-49,EU,Married,21xx,"Hughes, Derrell"
Female,2,<30,EU,Married,21xx,"Palumbo, Jacinda"
Male,0,<30,non EU,Married,24xx,"Folsom, Marquis"
Female,0,<30,EU,Married,22xx,"al-Hamidi, Mufliha"
Male,0,<30,EU,Married,22xx,"Fender, Paul"
Female,2,<30,EU,Married,23xx,"Dominguez, Ileana"
Female,0,30-49,EU,Married,21xx,"Antonio, Cindy"
Male,0,30-49,EU,Married,21xx,"Barraza, Antonio"
Male,0,<30,EU,Married,21xx,"al-Hakeem, Haamid"
Female,0,<30,EU,Married,21xx,"Friesen, Adrian"
Female,0,30-49,EU,Married,23xx,"Conway, Alexis"
Female,0,<30,EU,Married,21xx,"Charles, Olivia"
Female,0,30-49,EU,Married,23xx,"Ng, Katheryne"
Male,0,<30,EU,Married,21xx,"Figueroa Martinez, Edgardo"
Female,0,30-49,EU,Married,21xx,"Simmons, Nikki"
Male,0,<30,EU,Married,22xx,"Sanders, Eric"
Male,0,30-49,EU,Married,21xx,"Hilterbrand, David"
Female,0,30-49,EU,Married,23xx,"al-Aboud, Lutfiyya"
Female,2,<30,EU,Married,24xx,"Magana, Jessica"
Male,2,<30,EU,Married,24xx,"Garcia, Ernesto"
Female,0,30-49,EU,Married,22xx,"Martinez, Melissa"
Male,2,30-49,EU,Married,22xx,"Knight, Kevin"
Female,0,<30,EU,Married,22xx,"Gutierrez, Princess"
Male,0,30-49,EU,Married,22xx,"Cruz, Victor"
Male,0,30-49,EU,Married,21xx,"al-Diab, Abdul Jabbaar"
Male,2,<30,EU,Married,24xx,"Luff, Sean"
Female,0,<30,EU,Married,22xx,"Shihadeh, Nadira"
Female,0,<30,EU,Married,23xx,"el-Aly, Sanad"
Female,0,<30,EU,Married,24xx,"Davis, Vivian"
Male,0,<30,EU,Married,23xx,"Smith, Ryoga"
Female,2,30-49,EU,Single,24xx,"Powell, Daizha"
Male,0,<30,EU,Married,22xx,"Antonio, Son"
Female,0,<30,EU,Married,21xx,"Avila, Shannon"
Male,0,<30,EU,Married,23xx,"Perez, Westen"
Male,2,30-49,EU,Married,21xx,"Soong, Saurabh"
Male,2,<30,EU,Married,21xx,"Soobaskoonee, Treyvon"
Female,0,<30,EU,Married,23xx,"Cotton, Brittney"
Male,2,<30,EU,Married,21xx,"Smith, Kokouvi"
Male,0,<30,non EU,Married,24xx,"Edwards, Seth"
Male,2,30-49,EU,Married,23xx,"Mitchell, William"
Female,0,<30,EU,Married,22xx,"Lamas, Darshae"
Female,2,<30,EU,Married,23xx,"Anderson, Ashley"
Female,0,<30,EU,Married,21xx,"Vassel, Gabriale"
Male,2,<30,EU,Married,21xx,"Smith, Karlos"
Male,0,30-49,EU,Married,21xx,"el-Fares, Shaqeeq"
Female,0,30-49,EU,Married,24xx,"Collins, Kayla"
Female,0,30-49,EU,Married,21xx,"Araracap, Salome"
Female,0,<30,EU,Married,24xx,"Driscoll, Mercedes"
Female,2,<30,EU,Married,21xx,"Martinez-Dockery, Angelica"
Male,2,<30,EU,Married,24xx,"Ashley, Jack"
Female,0,<30,EU,Married,21xx,"Bultema, Saman"
Male,0,<30,EU,Married,21xx,"Curry, Nicholas"
Female,0,<30,EU,Married,22xx,"Hutcheson, Twanna"
Male,0,<30,EU,Married,21xx,"Platt, Trey"
Female,0,<30,EU,Married,24xx,"Bean, Sahza"
Male,0,<30,EU,Married,21xx,"Lee, Coe"
Female,2,<30,EU,Married,21xx,"Squair, Ashley"
Female,0,<30,EU,Married,21xx,"Aguirre, Celeste"
Male,0,<30,EU,Married,22xx,"Badovinac, Chase"
Female,0,30-49,EU,Married,23xx,"Feldman, Michaela"
Female,0,<30,EU,Married,22xx,"al-Rasheed, Israa"
Female,0,<30,EU,Married,23xx,"al-Jaffer, Ghazaala"
Female,0,30-49,EU,Married,21xx,"Padilla, Jordan"
Male,2,<30,EU,Married,21xx,"Lor, I'Kaika"
Male,0,<30,EU,Married,21xx,"al-Neman, Haashim"
Female,0,<30,EU,Married,22xx,"al-Rahim, Hakeema"
Female,0,30-49,non EU,Married,22xx,"Shea, Valerie"
Female,0,30-49,EU,Married,22xx,"Sanchez, Chastity"
Male,0,<30,EU,Married,21xx,"Morales, Joshua"
Female,0,30-49,EU,Married,22xx,"Magana Duttenheffer, Evelyn"
Male,2,<30,EU,Married,23xx,"Salafia, Jacob"
Male,0,<30,EU,Married,21xx,"al-Saidi, Samir"
Male,0,<30,EU,Married,21xx,"Torres, Benjamin"
Male,2,30-49,EU,Married,21xx,"Fox, Forrest"
Male,0,<30,EU,Married,24xx,"Li, Stefan"
Male,0,<30,EU,Married,21xx,"Egan, Cole"
Female,0,30-49,EU,Married,21xx,"Gramm, Sheila"
Female,2,<30,EU,Married,21xx,"Pettaway, Devon"
Female,0,<30,non EU,Married,22xx,"Salazar, Sarahi"
Male,0,<30,EU,Married,24xx,"Tribble, Enrique"
Male,0,30-49,non EU,Married,22xx,"Taylor, Jumaal"
Female,0,<30,EU,Married,21xx,"al-Hammoud, Yaasmeena"
Male,0,<30,EU,Married,21xx,"Avina, Adam"
Male,2,<30,EU,Married,24xx,"Merritt, Jerrick"
Female,0,<30,EU,Married,21xx,"al-Taheri, Fidda"
Male,0,<30,EU,Married,22xx,"el-Mahdavi, Miqdaam"
Female,0,30-49,EU,Married,24xx,"Roseveare, Eunice"
Male,2,<30,EU,Married,24xx,"Hayes-Joshua, Dawan"
Male,0,<30,EU,Married,21xx,"Marquez, Daniel"
Female,2,<30,EU,Married,21xx,"Hernandez Castaneda, Brittany"
Female,2,30-49,EU,Married,21xx,"Mcmanus, Darcy"
Male,2,<30,EU,Married,21xx,"Petterson, Rider"
Female,0,30-49,EU,Married,21xx,"Iron Wing, Kayla"
Male,0,<30,EU,Married,23xx,"Crazybear, Jaimin"
Female,2,30-49,EU,Married,21xx,"Kozhushko, Rachel"
Male,0,<30,EU,Married,21xx,"Vega, Caleb"
Male,0,<30,EU,Married,24xx,"Jumbo, Werner"
Female,0,<30,EU,Married,23xx,"Medina, Berenice"
Male,0,<30,EU,Married,22xx,"Church, Joshua"
Female,0,<30,EU,Married,22xx,"Digby, Belle"
Female,0,<30,EU,Married,24xx,"Vigil, Jacqueline"
Female,2,30-49,EU,Married,23xx,"Collins, Tanya"
Male,0,<30,EU,Married,22xx,"al-Shaer, Abdul Noor"
Male,0,<30,EU,Married,23xx,"Knutson Steck, Sean"
Male,0,<30,EU,Married,22xx,"Guilford, Christian"
Male,0,<30,EU,Married,24xx,"Acosta, Jorge"
Female,0,<30,EU,Married,21xx,"Robinson, Janice"
Female,0,<30,EU,Married,22xx,"Schurr, Charlotte"
Male,0,30-49,EU,Married,21xx,"Stolley, Gilbert"
Female,2,<30,EU,Married,21xx,"Stalnaker, Christina"
Female,0,<30,EU,Married,22xx,"Cobb, Jorden"
Male,0,<30,EU,Married,22xx,"al-Ghaffari, Nawf"
Female,0,<30,EU,Married,21xx,"Depuy, Audrey"
Male,0,<30,EU,Married,21xx,"Browitt, Frank"
Male,0,<30,non EU,Married,22xx,"Charley, Ryan"
Male,0,<30,EU,Married,24xx,"Morris, Ryan"
Male,0,<30,EU,Married,24xx,"al-Sayed, Saqr"
Female,0,<30,EU,Married,21xx,"Smith, Savannah"
Male,0,<30,EU,Married,21xx,"Bolton, Aaron"
Male,0,30-49,EU,Married,22xx,"Tran, Jelani"
Male,2,<30,EU,Married,23xx,"Goss, Lawhatney"
Male,0,<30,EU,Married,22xx,"Lagasca, Troy"
Male,0,<30,EU,Married,22xx,"el-Azizi, Majdi"
Female,0,30-49,EU,Married,23xx,"Lang, K'Sandra"
Male,0,<30,EU,Married,22xx,"Barron, Jeremy"
Male,0,<30,EU,Married,21xx,"al-Niazi, Zain"
Female,0,<30,EU,Married,21xx,"Wauneka, Courtney"
Female,2,<30,EU,Married,21xx,"al-Matin, Ghuzaila"
Male,2,30-49,EU,Married,23xx,"Tolliver III, Dylan"
Male,0,<30,EU,Married,22xx,"al-Mahfouz, Aarif"
Female,0,<30,EU,Married,21xx,"Lor, Claudia"
Female,2,30-49,EU,Married,22xx,"Bordeaux, Tayla"
Female,2,<30,EU,Married,22xx,"Jordan, Arrianne"
Male,0,<30,EU,Married,23xx,"Duran, Jawan"
Male,0,<30,EU,Married,22xx,"el-Javed, Sharaf"
Female,0,<30,EU,Married,21xx,"Colangelo, Bianca"
Male,2,<30,EU,Married,22xx,"Batorgil, Christopher"
Female,2,30-49,EU,Married,21xx,"Martinez, Tiffany"
Male,0,<30,EU,Married,21xx,"Devin, Mikal"
Male,2,<30,EU,Married,22xx,"Almanza, Waldo"
Male,0,<30,EU,Married,21xx,"Flynn, John"
Male,0,<30,EU,Married,21xx,"Jackson, D Marcco"
Female,0,<30,EU,Married,24xx,"Munoz, Sabrina"
Female,2,<30,non EU,Married,21xx,"al-Abdalla, Hissa"
Female,0,<30,EU,Married,22xx,"Garcia, Serenity"
Male,0,<30,EU,Married,23xx,"el-Rahimi, Aasim"
Female,0,<30,EU,Married,22xx,"Worthy, Maryan"
Male,0,<30,EU,Married,24xx,"Carter, Tyree"
Female,2,<30,EU,Married,21xx,"Montgomery, Natasha"
Female,0,<30,EU,Married,23xx,"Walker, Veronique"
Male,0,<30,EU,Married,23xx,"Blalock, Richard"
Female,0,<30,EU,Married,24xx,"Marion, Kaileia"
Male,2,30-49,EU,Married,23xx,"Mcgaha, Joshua"
Male,0,30-49,EU,Married,22xx,"Redin, Jake"
Female,0,30-49,EU,Single,21xx,"Jurado, Tisha"
Male,2,30-49,EU,Married,22xx,"Lu, Dylahn"
Male,2,30-49,EU,Married,23xx,"Uribe Andrade, Eric"
Female,2,30-49,EU,Married,22xx,"Trujillo, Destinee"
Male,2,30-49,EU,Married,21xx,"Eyrich, David"
Female,0,30-49,non EU,Single,22xx,"Bundy, Natausha-Ann"
Male,0,30-49,EU,Married,24xx,"Conrad, Christopher"
Male,2,30-49,EU,Married,21xx,"Lee, Raj"
Female,0,30-49,EU,Married,24xx,"Madera, Bianca"
Female,2,30-49,EU,Married,23xx,"el-Abdul, Saahira"
Female,0,30-49,EU,Married,21xx,"Valles, Charity"
Male,0,30-49,EU,Married,21xx,"Stephenson, William"
Female,0,30-49,EU,Married,22xx,"Del Rosario, Jacqueline"
Male,2,30-49,EU,Married,23xx,"Patterson, Nicholas"
Male,2,30-49,EU,Married,22xx,"Bothell, Joseph"
Female,0,30-49,EU,Single,21xx,"Nadiadi, Velia"
Female,2,30-49,EU,Married,24xx,"Roberts, Desiree"
Female,2,30-49,EU,Married,22xx,"Trevino, Luz"
Male,2,30-49,EU,Married,21xx,"Paulin, Timothy"
Male,0,30-49,EU,Married,22xx,"Billie, Traivon"
Male,0,30-49,EU,Married,24xx,"el-Younan, Ubaida"
Female,2,30-49,EU,Married,24xx,"Aguirre, Jessica"
Male,2,30-49,EU,Married,23xx,"el-Ghaffari, Baasim"
Female,0,30-49,EU,Married,23xx,"Torres, Danielle"
Female,0,30-49,EU,Married,22xx,"Johnson, Anna"
Male,0,30-49,EU,Married,23xx,"Nguyen, Dan"
Female,0,30-49,EU,Married,24xx,"Magsaysay II, Janet"
Male,0,30-49,EU,Married,24xx,"Reinking, Keone"
Female,0,30-49,non EU,Married,21xx,"Yeddanapudy, Natalie"
Male,2,30-49,EU,Married,22xx,"Espinosa, Derik"
Male,0,30-49,EU,Married,23xx,"Czajka, Brandon"
Female,0,30-49,EU,Married,22xx,"Welter, Morgan"
Male,0,30-49,non EU,Married,21xx,"Terrell, Miguel"
Female,2,30-49,EU,Married,22xx,"Garnier, Jenna"
Male,0,30-49,EU,Married,22xx,"Callin, Jeremiah"
Female,2,30-49,EU,Married,24xx,"Lenzen, Laurin"
Female,2,30-49,EU,Married,24xx,"Joyner, Alexandra"
Female,0,30-49,EU,Married,21xx,"Garcia, Summer"
Male,2,30-49,EU,Single,23xx,"Jaquez, Bailey"
Female,2,30-49,EU,Married,24xx,"al-Masood, Khaleela"
Male,0,30-49,EU,Single,23xx,"Edmond, Casey"
Female,0,30-49,EU,Married,23xx,"Tveter, Desiree"
Male,0,30-49,EU,Single,24xx,"Suchomel, Joel"
Male,2,30-49,EU,Married,22xx,"Ezzat, Irfan"
Male,2,30-49,EU,Married,23xx,"Hunt, Tecumseh"
Female,0,30-49,EU,Married,22xx,"Morales, Angel"
Male,0,30-49,non EU,Married,21xx,"Mccracken, Brandon"
Male,0,30-49,EU,Married,23xx,"Duncan, Jeremiah"
Male,2,30-49,EU,Married,22xx,"Parks, Jeremiah"
Male,2,30-49,non EU,Married,24xx,"el-Ghani, Maaiz"
Female,2,30-49,EU,Married,22xx,"al-Sheikh, Marwa"
Male,0,30-49,EU,Married,23xx,"el-Ahmad, Amaan"
Female,0,30-49,EU,Married,21xx,"el-Moradi, Wasmaaa"
Male,0,30-49,EU,Married,22xx,"al-Khalid, Rushdi"
Male,0,30-49,EU,Married,24xx,"Somers, Lucas"
Male,0,30-49,EU,Married,24xx,"Nelson, William"
Female,2,30-49,EU,Married,22xx,"Montgomery IV, Nicole"
Male,0,30-49,EU,Married,21xx,"Winkler, Andro"
Male,2,30-49,EU,Married,22xx,"Coutu, Vaughn"
Female,2,30-49,EU,Married,24xx,"el-Baccus, Amniyya"
Female,0,30-49,EU,Single,22xx,"Loveless, Michelle"
Female,0,30-49,EU,Single,22xx,"Pantoja Caldera, Brenda"
Female,0,30-49,EU,Single,23xx,"el-Salem, Thamra"
Male,2,30-49,EU,Married,24xx,"Griner, Geovonte"
Female,0,30-49,EU,Married,22xx,"Young, Samantha"
Female,0,30-49,EU,Married,24xx,"Root, Alanna"
Female,0,30-49,EU,Married,22xx,"Teka, Najuka"
Female,0,30-49,EU,Single,23xx,"al-Daoud, Raadiya"
Male,2,30-49,EU,Married,24xx,"el-Rahimi, Isaam"
Female,0,30-49,EU,Married,21xx,"el-Baig, Hawraa"
Female,0,30-49,EU,Married,24xx,"Pearson, Karina"
Female,2,30-49,non EU,Married,23xx,"Robison, Rachel"
Female,0,30-49,EU,Married,21xx,"Valenzuela, Victoria"
Female,0,30-49,EU,Married,21xx,"Mitchell, Tammy"
Male,2,30-49,EU,Married,24xx,"Radney, Rashode"
Male,0,30-49,EU,Married,22xx,"Schubert, Joshua"
Female,2,30-49,EU,Married,22xx,"Johnson, Anthne"
Male,0,30-49,EU,Married,23xx,"Lewis, Tyler"
Male,0,30-49,EU,Married,23xx,"Ramirez, Alfonso"
Female,0,30-49,EU,Married,24xx,"Park, Jesse"
Female,0,30-49,EU,Married,22xx,"Hinrichs, Caroline"
Male,2,30-49,non EU,Married,23xx,"el-Parsa, Fawwaaz"
Male,2,30-49,EU,Married,24xx,"Bustos Aleman, Matthew"
Male,2,30-49,EU,Married,24xx,"Lovato, Rylee"
Female,0,30-49,EU,Married,24xx,"Abraha, Octevia"
Male,0,30-49,EU,Married,22xx,"Johnson, Joshua"
Male,0,30-49,EU,Married,21xx,"Maddux, Jacob"
Female,0,30-49,EU,Married,23xx,"Harris, Kiana"
Female,2,30-49,EU,Married,22xx,"Inzurriaga, Leslie"
Male,2,30-49,EU,Single,24xx,"Clark, Nicholas"
Female,2,30-49,EU,Single,21xx,"al-Akhtar, Hujja"
Male,0,30-49,EU,Married,24xx,"Bui, Kenny"
Male,0,30-49,EU,Married,24xx,"Ward, Luke"
Male,0,30-49,EU,Married,22xx,"Spann, Colin"
Female,0,30-49,EU,Married,24xx,"Quarry, Kylie"
Female,2,30-49,EU,Married,22xx,"Whitelance III, Dominique"
Female,2,30-49,non EU,Married,24xx,"Melchor, Shannon"
Female,0,30-49,non EU,Married,24xx,"Jenkins, Bianka"
Female,0,30-49,EU,Married,21xx,"Wegner, Melissa"
Female,2,30-49,EU,Married,22xx,"Taylor, Yuh'Meace"
Female,0,30-49,EU,Married,24xx,"Yeh, Nedim"
Female,0,30-49,EU,Married,22xx,"Whitebull-Delgado, Melinda"
Female,0,30-49,EU,Married,23xx,"Crystal, Shyenne"
Female,0,30-49,EU,Married,23xx,"Garcia, Quintina"
Female,2,30-49,EU,Married,23xx,"Garcia, Hannah"
Male,0,30-49,EU,Married,21xx,"el-Wali, Hanlala"
Male,0,30-49,EU,Married,24xx,"Herrera, Regal"
Male,0,30-49,EU,Married,24xx,"Sigman, Thomas"
Female,2,30-49,EU,Married,22xx,"Cooter, Kelsey"
Male,0,30-49,EU,Married,23xx,"al-Shakir, Uthmaa N"
Female,0,30-49,EU,Single,22xx,"Wake, Ariel"
Male,2,30-49,EU,Married,24xx,"Hill, Kenneth"
Female,0,30-49,EU,Married,23xx,"Runyan, Skylar"
Female,0,30-49,EU,Married,23xx,"al-Ansari, Nazeema"
Male,0,30-49,EU,Married,22xx,"Godfrey, Brandon"
Female,0,30-49,EU,Married,23xx,"Glasco, Chelsea"
Female,0,30-49,EU,Married,24xx,"Taimanglo, Kasia"
Male,2,30-49,EU,Married,21xx,"Woodard, Terrell"
Male,0,30-49,EU,Married,24xx,"Lakobong, Andreas"
Female,0,30-49,EU,Married,21xx,"Nguyen, Brenda"
Male,2,30-49,EU,Married,21xx,"Villa Ramirez, James"
Male,0,30-49,EU,Married,22xx,"Marcus, Marcus"
Female,0,30-49,EU,Married,22xx,"el-Mustafa, Tayyiba"
Male,0,30-49,EU,Married,21xx,"Henderson, Zachary"
Male,0,30-49,EU,Married,23xx,"Rodriguez, Steven"
Male,0,30-49,EU,Married,22xx,"El-Nasser, Tevin"
Female,0,30-49,EU,Married,21xx,"Livigni, Arianna"
Female,0,30-49,EU,Married,22xx,"Cohen, Kylina"
Male,0,30-49,EU,Married,21xx,"Barker, Jeffrey"
Male,0,30-49,EU,Married,24xx,"Emanuel, Donovan"
Male,0,30-49,EU,Married,23xx,"Ballentine, Isaiah"
Female,0,30-49,EU,Married,23xx,"Stauffer, Molly"
Female,0,30-49,EU,Married,21xx,"Pappas, Shannon"
Male,2,30-49,EU,Married,24xx,"Chavez, Jay"
Female,0,30-49,EU,Married,23xx,"Song, Marielle"
Male,0,30-49,EU,Married,24xx,"Ironwing, Sonny"
Female,0,30-49,EU,Married,22xx,"el-Soliman, Ghazaala"
Male,2,30-49,EU,Married,23xx,"al-Abdou, Abdur Raheem"
Male,0,30-49,non EU,Married,21xx,"Silva, Jesus"
Female,0,30-49,EU,Married,21xx,"Pratt, Olivia"
Female,0,30-49,EU,Single,24xx,"al-Habib, Shaheera"
Male,2,30-49,EU,Married,24xx,"Robinson, Tevin"
Male,0,30-49,EU,Married,23xx,"el-Saade, Taariq"
Female,0,30-49,EU,Married,23xx,"Coombs, Gillianne"
Male,0,30-49,non EU,Married,23xx,"al-Huda, Baaqir"
Male,0,30-49,EU,Married,22xx,"Ibarra, Ernesto"
Female,0,30-49,non EU,Married,24xx,"Gibble, Tayler"
Female,0,30-49,EU,Married,24xx,"Hamilton, Katherine"
Female,0,30-49,EU,Married,22xx,"Edman, Oluwademilade"
Male,0,30-49,non EU,Single,24xx,"Lenard, Xavier"
Female,2,30-49,EU,Married,24xx,"el-Kaleel, Haseena"
Female,0,30-49,EU,Married,23xx,"Peters, Miranda"
Female,2,30-49,EU,Married,24xx,"Martinez, Rachael"
Male,0,30-49,EU,Married,23xx,"Douglas, Terrance"
Female,2,30-49,EU,Married,24xx,"Davan, Jerikka"
Male,0,30-49,EU,Married,22xx,"el-Majeed, Aslam"
Male,0,30-49,EU,Married,22xx,"Delacruz, Marco"
Male,2,30-49,EU,Married,23xx,"Tran, Va'Aahi"
Female,2,30-49,EU,Married,21xx,"Adams, Amber"
Male,2,30-49,EU,Married,22xx,"al-Noori, Khaalid"
Male,0,30-49,non EU,Married,22xx,"Bain, Steven"
Female,0,30-49,EU,Married,24xx,"Garcia, Selena"
Female,0,30-49,EU,Married,21xx,"Ellis, Tanesha"
Female,0,30-49,EU,Married,22xx,"Agustin, Alexa"
Male,2,30-49,EU,Married,23xx,"Rice-Sayers, Gabriel"
Female,0,30-49,EU,Married,24xx,"Nash, Bhewattie"
Male,0,30-49,EU,Married,22xx,"Cunningham, Robel"
Male,2,30-49,EU,Married,24xx,"Ryen, Isaiah"
Female,2,30-49,EU,Married,21xx,"Murphree, Susie"
Female,2,30-49,EU,Married,21xx,"Sabin, Mckenzy"
Male,0,30-49,EU,Married,22xx,"Mattern, Brandon"
Male,0,30-49,EU,Married,23xx,"Brown, Terryle"
Female,0,30-49,EU,Married,24xx,"Sayers, Keaira"
Male,2,30-49,EU,Married,23xx,"Chaffin, Matthew"
Male,2,30-49,EU,Married,21xx,"el-Yassin, Hamad"
Female,0,30-49,EU,Married,23xx,"Zhang, Angie"
Female,0,30-49,EU,Married,24xx,"Poblano, Guadalupe"
Male,0,30-49,EU,Married,22xx,"Thomas, Isaiah"
Male,0,30-49,EU,Married,23xx,"al-Saleh, Zaghlool"
Female,2,30-49,EU,Married,23xx,"Trueblood, Keanna"
Male,2,30-49,EU,Single,22xx,"Mallick, Jin"
Male,0,30-49,non EU,Married,24xx,"Acosta, Josafat"
Male,2,30-49,EU,Married,22xx,"Montoya, Christopher"
Female,0,30-49,EU,Married,23xx,"el-Samaan, Amatullah"
Male,2,30-49,EU,Married,21xx,"Winn, Michael"
Female,2,30-49,EU,Married,24xx,"el-Mannan, Afaaf"
Female,2,30-49,EU,Married,23xx,"Wang, Ashley"
Female,0,30-49,EU,Married,23xx,"Yussufu, Tashara"
Female,0,30-49,EU,Married,22xx,"De Dios, Amber"
Male,0,30-49,EU,Married,23xx,"Summa, Cody"
Female,0,30-49,EU,Married,21xx,"el-Radi, Sahar"
Male,0,30-49,EU,Married,24xx,"Deleon, Trevaughn"
Female,0,30-49,EU,Married,24xx,"Sissoko, Jamillah"
Male,2,30-49,EU,Married,23xx,"Thomas, Kevin"
Male,2,30-49,EU,Married,21xx,"Sawaged, Brian"
Female,0,30-49,EU,Married,24xx,"Gold, Hershelle"
Female,2,30-49,EU,Married,23xx,"Bennett, Sarah"
Female,0,30-49,EU,Married,22xx,"Nuanes, Michelle"
Female,2,30-49,EU,Married,22xx,"al-Hariri, Maimoona"
Female,2,30-49,non EU,Married,21xx,"Porter, Vicentia"
Male,2,30-49,EU,Married,22xx,"al-Khalid, Aiman"
Female,2,30-49,EU,Married,24xx,"Almanza-Parra, Dezha"
Male,0,30-49,EU,Married,24xx,"Bunn, Warren"
Female,0,30-49,EU,Married,24xx,"Boston, Dani"
Female,0,30-49,EU,Married,23xx,"Kee, Mariah"
Male,2,30-49,EU,Married,23xx,"Gallegos, Bailey"
Male,0,30-49,EU,Single,24xx,"Hernandez, Giovanni"
Male,0,30-49,EU,Married,24xx,"Walker, Jedeo"
Female,0,30-49,non EU,Married,24xx,"el-Murad, Rayyana"
Male,2,30-49,EU,Married,24xx,"Guereca, Dylan"
Female,0,30-49,EU,Married,22xx,"Kwon, Kassandra"
Female,2,30-49,EU,Married,22xx,"Aguilar, Ysabel"
Male,0,30-49,EU,Married,23xx,"el-Karimi, Zameel"
Male,2,50-64,EU,Married,22xx,"Evans, Adam"
Male,0,50-64,EU,Married,22xx,"al-Yamin, Saajid"
Male,0,50-64,EU,Married,24xx,"Flanagan, Joshua"
Female,0,30-49,EU,Single,23xx,"Laner, Ashlie"
Female,0,50-64,EU,Married,24xx,"Duran, Danielle"
Male,2,50-64,EU,Married,24xx,"el-Azam, Aarif"
Female,2,50-64,non EU,Single,24xx,"Landeros, Yesenia"
Male,2,50-64,EU,Married,22xx,"Gallegos, Abiud"
Female,0,50-64,EU,Married,22xx,"Casey, Kayla"
Female,0,50-64,EU,Married,22xx,"Ware, Scheridan"
Male,0,50-64,EU,Single,23xx,"Peters, Mason"
Male,0,65+,EU,Married,24xx,"el-Ghani, Shuraih"
Male,0,50-64,EU,Single,24xx,"Klements, Brandon"
Female,2,50-64,EU,Married,24xx,"Hill, Melissa"
Male,0,50-64,EU,Married,24xx,"Gonzalez, Jordan"
Male,2,30-49,non EU,Married,22xx,"Wallace, Carlito"
Female,0,30-49,EU,Married,23xx,"Gallegos, Guadalupe"
Male,2,30-49,EU,Married,24xx,"el-Hamad, Burhaan"
Male,2,50-64,EU,Married,24xx,"Medina, Jacob"
Male,0,65+,EU,Married,23xx,"Siriphanh, Brian"
Male,2,50-64,EU,Married,21xx,"al-Rahim, Fateen"
Male,0,50-64,non EU,Married,24xx,"el-Azam, Qais"
Female,0,65+,EU,Married,23xx,"al-Yacoub, Taqiyya"
Male,0,50-64,EU,Single,21xx,"Rubner Lansing, Andre"
Male,2,50-64,EU,Married,24xx,"al-Siddiqui, Wajdi"
Female,0,50-64,EU,Married,22xx,"Campos, Alejandra"
Female,2,50-64,EU,Married,24xx,"Chess Jr, Jazmine"
Female,0,50-64,EU,Married,23xx,"Larson, Jessica"
Male,0,65+,EU,Married,23xx,"al-Hai, Ihaab"
Female,0,50-64,EU,Married,24xx,"el-Javed, Azeema"
Female,0,50-64,EU,Single,24xx,"Li, Candice"
Female,2,50-64,EU,Married,24xx,"Brown, Riley"
Male,0,65+,EU,Married,23xx,"Rathbun, Ellis"
Male,0,65+,EU,Married,23xx,"al-Rahaim, Yusri"
Female,0,50-64,EU,Married,24xx,"Childs, Zhane"
Male,0,50-64,EU,Single,23xx,"el-Asad, Haamid"
Female,0,65+,EU,Married,24xx,"al-Tabatabai, Afeefa"
Male,0,50-64,EU,Married,24xx,"Maltos, Enrique"
Male,0,50-64,EU,Married,22xx,"el-Haq, Sharaf"
Male,0,30-49,EU,Married,24xx,"Androshchuk, Samuel"
Female,0,50-64,EU,Single,24xx,"Bacon-Maldonado, Celsa"
Female,0,50-64,EU,Married,24xx,"Mcclure, Carley"
Female,0,50-64,non EU,Married,24xx,"Bell, Trysten"
Female,2,50-64,non EU,Married,23xx,"Kvachkoff, Hope"
Female,0,50-64,EU,Married,22xx,"el-Baten, Mudrika"
Male,0,50-64,non EU,Married,23xx,"Warren, Emmett"
Male,0,50-64,EU,Married,24xx,"Lor, Suppiah"
Female,2,50-64,EU,Married,22xx,"John, Shelby"
Female,0,50-64,EU,Married,22xx,"Bluford, Chelsa"
Male,2,30-49,EU,Single,22xx,"Ko, Wyatt"
Male,0,50-64,EU,Married,22xx,"Wu, Joseph"
Female,0,50-64,EU,Married,24xx,"Stoffel, Ashleigh"
Female,2,65+,EU,Married,22xx,"Nguyen, Danya"
Male,2,50-64,EU,Married,24xx,"Thigpen, Evan"
Female,0,50-64,EU,Single,24xx,"Atoe, Cynthia"
Male,0,50-64,EU,Married,24xx,"Lopez, Lazslo"
Female,0,50-64,EU,Single,24xx,"Brown, Eemoni"
Male,0,50-64,EU,Married,23xx,"Westbrook, Richard"
Female,0,50-64,EU,Married,22xx,"Oster, Maria"
Male,0,65+,EU,Single,24xx,"Threatt, Turell"
Male,2,50-64,EU,Single,24xx,"Lee, Neil"
Male,2,50-64,EU,Married,23xx,"Macy, Sami"
Female,0,50-64,EU,Married,24xx,"el-Asad, Sadeeda"
Female,0,65+,EU,Single,24xx,"Urban, Denea"
Female,2,30-49,EU,Single,24xx,"Martinez, Keysha"
Male,0,50-64,EU,Married,23xx,"Wands, Bruce"
Female,0,50-64,EU,Married,24xx,"Regan, Elizabeth"
Male,2,50-64,EU,Married,22xx,"Ingoldby, Tyler"
Female,0,65+,EU,Married,22xx,"al-Arafat, Shamaail"
Male,0,50-64,EU,Married,23xx,"Trujillo, Elijah"
Male,0,50-64,non EU,Married,24xx,"Moreno, Javier"
Male,2,50-64,EU,Married,21xx,"Roulier, Bryan"
Female,0,50-64,EU,Married,24xx,"Lavelle, Arfa"
Male,0,65+,EU,Married,24xx,"al-Abdou, Ayyoob"
Female,2,65+,EU,Married,24xx,"Halferty, Jacqueline"
Female,0,50-64,EU,Married,24xx,"Davis, Erin"
Male,0,65+,EU,Married,23xx,"Ramirez, Alan"
Female,2,50-64,EU,Married,24xx,"Banks, Kelly"
Male,0,50-64,EU,Single,24xx,"el-Hamid, Suwailim"
Female,0,50-64,EU,Married,23xx,"el-Hosein, Sabiyya"
Male,0,50-64,EU,Married,22xx,"Bathija, Christopher"
Female,0,50-64,EU,Married,23xx,"Herrera, Natasha"
Male,2,50-64,EU,Single,23xx,"Bible, Trizton"
Female,0,50-64,EU,Single,23xx,"Vasquez, Abigail"
Male,2,50-64,EU,Married,24xx,"Patterson, Tavion"
Female,0,30-49,EU,Married,22xx,"Tran, Yvonne"
Male,0,50-64,EU,Married,24xx,"Stott, Charles"
Female,2,50-64,EU,Married,24xx,"Johnson, Kabowd"
Female,0,50-64,EU,Married,22xx,"Juarez, Shae"
Female,0,50-64,EU,Married,22xx,"Sylvester, Paige"
Male,2,30-49,EU,Single,22xx,"Haworth, Daniel"
Male,2,50-64,EU,Single,22xx,"Meraz, Juan"
Female,0,50-64,EU,Married,22xx,"el-Yousef, Miska"
Male,0,50-64,EU,Single,23xx,"Qiu, Westin"
Female,2,50-64,EU,Married,24xx,"Yazzie, Mikaela"
Male,2,50-64,EU,Married,22xx,"Kim, Jae"
Male,0,50-64,EU,Married,23xx,"Pradhan, David"
Male,0,50-64,EU,Married,22xx,"De Herrera, Jaime"
Female,0,50-64,EU,Married,22xx,"Yancey, Nicole"
Male,2,50-64,EU,Married,24xx,"Cruz, Bheemasena"
Male,0,50-64,EU,Married,23xx,"Alarid, Patrick"
Male,0,50-64,EU,Married,24xx,"Ackerman, William"
Female,2,30-49,non EU,Married,22xx,"Waititi, Shannon"
Female,0,50-64,EU,Married,22xx,"Mitsuhashi, Patao"
Male,0,50-64,EU,Married,24xx,"Vantatenhove-Pinkerton, Anthony"
Female,0,50-64,EU,Married,22xx,"Ceniceros Pinedo, Claudia"
Female,0,50-64,EU,Married,24xx,"Robb, Kelsie"
Female,0,65+,EU,Single,22xx,"Walker, Hope"
Male,0,50-64,EU,Single,24xx,"Yamaguchi, Johnson"
Male,0,50-64,EU,Married,21xx,"Ronan, Michael"
Male,2,50-64,EU,Married,24xx,"Soto, Jose"
Female,0,50-64,EU,Married,22xx,"Crampton, Brittani"
Male,0,50-64,EU,Married,23xx,"Mcdonnell, Levi"
Male,0,65+,EU,Single,24xx,"al-Alam, Naasiruddeen"
Male,0,50-64,non EU,Married,23xx,"Soto, Alexander"
Female,0,50-64,EU,Married,24xx,"Rose, Rebecca"
Female,0,65+,EU,Married,24xx,"Herrera, Rachelle"
Female,2,50-64,EU,Single,24xx,"al-Huda, Raaniya"
Female,0,50-64,EU,Married,23xx,"al-Idris, Haafiza"
Female,0,50-64,EU,Married,23xx,"Vue, Sweta"
Male,0,50-64,EU,Married,24xx,"Bentley, Richard"
Female,0,50-64,EU,Married,24xx,"Prentice, Ariel"
Male,0,50-64,EU,Married,24xx,"el-Nouri, Furqaan"
Female,0,30-49,EU,Married,23xx,"al-Mir, Nisma"
Female,2,50-64,EU,Married,23xx,"Harper Williams, Jade"
Female,2,50-64,EU,Married,22xx,"el-Amen, Wajdiyya"
Male,0,50-64,EU,Married,24xx,"al-Zaman, Rayyaan"
Male,0,50-64,EU,Married,22xx,"Gultom, Keith"
Female,0,50-64,EU,Single,24xx,"el-Taha, Nazeema"
Male,0,50-64,EU,Married,24xx,"Bharatee, Joshua"
Female,2,50-64,EU,Married,24xx,"Garcia, Clara"
Female,0,30-49,non EU,Single,23xx,"Bell, Dominique"
Male,0,30-49,EU,Married,23xx,"el-Ghazi, Sabri"
Female,0,50-64,EU,Single,23xx,"Jojola, Evelyn"
Female,0,50-64,EU,Married,24xx,"Luke, Paige"
Female,0,50-64,EU,Married,23xx,"Rademacher, Lucia"
Female,0,50-64,EU,Single,24xx,"Simental, Alysia"
Female,0,65+,EU,Married,22xx,"Montoya, Alexa"
Male,0,50-64,EU,Married,23xx,"Nunez, Josue"
Male,0,50-64,EU,Married,22xx,"Johnson, Christopher"
Female,0,50-64,EU,Married,22xx,"Ray, Chelsea"
Female,2,50-64,EU,Married,21xx,"Richardson, Aaliyah"
Male,0,50-64,EU,Married,23xx,"Famber, Deonta"
Female,0,50-64,EU,Married,24xx,"al-Jafri, Sabiyya"
Female,0,65+,EU,Married,24xx,"Cly, April"
Male,0,65+,EU,Married,22xx,"Anderson, Michael"
Female,2,50-64,EU,Married,22xx,"Cavcic, Bre"
Male,2,50-64,EU,Married,24xx,"Yang, Hanyuan"
Female,0,50-64,EU,Married,23xx,"Hallett, Kendall"
Female,0,65+,EU,Married,21xx,"Towne, April"
Male,2,65+,EU,Married,24xx,"Nguyen, Thong"
Female,2,50-64,EU,Married,23xx,"Samora, Cynthia"
Male,0,50-64,EU,Married,24xx,"Romero, Gabriel"
Female,0,50-64,EU,Single,21xx,"Maestas, Nathaly"
Female,0,50-64,EU,Married,22xx,"Martzloff, Cheyanne"
Female,0,50-64,non EU,Single,22xx,"Dominguez, Jacqueline"
Male,0,50-64,EU,Married,22xx,"Vu, Brandon"
Male,0,50-64,EU,Married,24xx,"Dittloff, Marc"
Female,0,50-64,EU,Single,24xx,"al-Farooq, Fidda"
Female,0,50-64,EU,Married,22xx,"Wingo, Trenda"
Male,0,65+,EU,Married,22xx,"Lerma, Cesar"
Male,2,50-64,EU,Single,23xx,"Jordan, Lee"
Female,2,50-64,EU,Single,21xx,"Allen, Cierra"
Female,2,50-64,EU,Married,23xx,"Martin, Veronica"
Male,2,50-64,EU,Married,24xx,"Heath, Cody"
Male,0,65+,EU,Single,23xx,"Ross, Grant"
Female,0,65+,EU,Single,24xx,"Schadler, Jessica"
Female,2,50-64,EU,Single,22xx,"Tennyson, Brooke"
Male,2,50-64,EU,Married,22xx,"Agrawal, Thomas"
Male,0,50-64,EU,Married,24xx,"el-Meskin, Abbaas"
Male,2,50-64,EU,Married,24xx,"el-Wali, Najeeb"
Female,2,65+,EU,Married,23xx,"Lodewyk, Allison"
Female,0,50-64,EU,Married,22xx,"Trujillo, Rosa"
Male,2,50-64,EU,Single,21xx,"Prinster, Andrew"
Female,0,50-64,EU,Married,23xx,"Sohn, Kari"
Female,0,50-64,EU,Single,24xx,"Huynh, Victoria"
Female,0,65+,EU,Married,24xx,"Horton, Triayna"
Female,0,65+,non EU,Single,24xx,"Wheatly, Jordan"
Male,0,30-49,EU,Married,24xx,"Sarabia, Armando"
Female,0,50-64,EU,Married,24xx,"Weinmeister, Emma"
Female,0,50-64,EU,Married,24xx,"Hollin, Shannon"
Male,0,65+,EU,Single,23xx,"el-Allam, Sultan"
Female,0,30-49,EU,Single,22xx,"Smith, Brittany"
Male,0,50-64,EU,Single,22xx,"Contreras, Salvador"
Male,0,50-64,EU,Married,23xx,"Larson, Coleman"
Male,2,50-64,EU,Single,23xx,"Banzhaf, Michael"
Male,0,50-64,non EU,Married,24xx,"Adams, Micah"
Female,0,30-49,EU,Married,24xx,"al-Zakaria, Maazina"
Male,0,50-64,EU,Married,24xx,"Long, Dorian"
Female,0,50-64,EU,Single,22xx,"al-Salman, Waleeda"
Female,0,30-49,EU,Married,23xx,"el-Amen, Maariya"
Female,2,50-64,EU,Married,23xx,"el-Semaan, Warda"
Female,0,50-64,EU,Married,23xx,"Sleath-Kuhn, Hannah"
Male,2,50-64,EU,Married,23xx,"el-Rahman, Abdul Hai"
Male,2,65+,non EU,Married,22xx,"Richards, Joshua"
Female,0,50-64,EU,Married,24xx,"Oswalt-Naasz, Grayson"
Male,2,30-49,EU,Married,24xx,"Crumpton, Cory"
Female,0,50-64,EU,Married,23xx,"Herndon, Katrina"
Male,2,30-49,EU,Single,24xx,"Valdez, Neulyn"
Female,0,50-64,EU,Married,21xx,"Robles Padilla, Genesis"
Female,2,50-64,EU,Married,24xx,"Mccomb, Shiirah"
Female,0,65+,EU,Married,22xx,"al-Pasha, Nawfa"
Male,0,50-64,EU,Married,24xx,"Mporampora, Ryan"
Female,0,50-64,EU,Married,23xx,"Huacuja Espinoza, Pamela"
Male,0,50-64,EU,Single,22xx,"Yazzie, Michael"
Male,0,50-64,non EU,Single,22xx,"Colquitt, Christopher"
Female,0,50-64,EU,Married,22xx,"Thompson, Paige"
Female,0,65+,EU,Single,24xx,"Williams, Laleobe"
Male,0,50-64,EU,Single,21xx,"el-Hadi, Faaid"
Female,2,50-64,EU,Single,23xx,"Quintanilla, Janika"
Female,2,50-64,EU,Married,23xx,"Dela Virgen, Maria"
Male,0,50-64,EU,Single,22xx,"Phenna, Brandon"
Male,0,50-64,EU,Single,22xx,"Helfer, Jacob"
Female,0,65+,EU,Single,24xx,"Lang, Kylee"
Female,2,30-49,EU,Married,24xx,"Garcia, Catherine"
Female,0,50-64,EU,Married,24xx,"Gonzales, Deirdre"
Female,0,50-64,EU,Married,24xx,"Castaneda, Karen"
Female,0,50-64,EU,Married,23xx,"Apker, Kira"
Male,0,50-64,EU,Married,22xx,"Weiss, Ryan"
Male,0,30-49,EU,Married,21xx,"el-Abdelrahman, Sabaah"
Female,0,65+,EU,Single,21xx,"Halaseh, Savannah"
Female,0,50-64,EU,Single,22xx,"el-Madani, Maazina"
Female,0,50-64,EU,Married,24xx,"Trujillo Hernandez, Felicia"
Female,0,65+,EU,Single,22xx,"Smith, Auriel"
Female,0,30-49,EU,Married,24xx,"Rodgers, Kailey"
Female,0,50-64,EU,Married,24xx,"Pullen, Kitana"
Female,0,50-64,EU,Married,23xx,"Slechter, Dlisa"
Female,0,50-64,EU,Single,24xx,"Davis, Jacqulyn"
Male,0,50-64,EU,Single,24xx,"al-Ullah, Abbaas"
Male,0,65+,EU,Married,24xx,"Sufi, Alexander"
Female,2,50-64,EU,Single,22xx,"Lutter, Jordyn"
Male,2,50-64,EU,Single,23xx,"Lopez, Victor"
Female,0,50-64,EU,Married,21xx,"Kang, Hope"
Female,2,50-64,EU,Married,24xx,"Luttrell, Hannah"
Male,2,50-64,non EU,Married,23xx,"Molina, Raul"
Female,0,50-64,EU,Married,24xx,"Murray, Jennifer"
Male,0,30-49,EU,Married,24xx,"Cerdenola, Cole"
Male,2,50-64,EU,Married,24xx,"Shaw, Joshua"
Female,0,50-64,EU,Single,22xx,"Holt, Lucy"
Female,0,50-64,EU,Married,23xx,"Archuleta, Sa'Vannah"
Female,0,50-64,EU,Single,23xx,"Mercado, Cassandra"
Female,0,50-64,non EU,Single,24xx,"Hill, Jhavone"
Male,0,50-64,EU,Single,23xx,"Cardona, Thaddeus"
Female,0,50-64,EU,Married,24xx,"Vazquez, Megan"
Female,2,65+,EU,Single,24xx,"Petersen, Taylor"
Female,2,50-64,EU,Single,21xx,"Leckenby, Zayra"
Female,0,65+,EU,Married,21xx,"al-Laham, Tuhfa"
Male,0,50-64,non EU,Married,22xx,"Gosney, Jake"
Female,0,50-64,EU,Married,23xx,"el-Baccus, Sabeeka"
Male,0,50-64,EU,Married,23xx,"Asmarzadeh, Keitaro"
Female,0,65+,EU,Single,22xx,"Lee, Etta"
Male,0,50-64,EU,Married,24xx,"Farris, Cody"
Male,0,50-64,EU,Married,23xx,"Fern, Mikkel"
Male,0,50-64,EU,Single,24xx,"Martinez Serrano, Daniel"
Female,2,65+,EU,Married,23xx,"al-Rehman, Warda"
Female,2,65+,EU,Married,23xx,"Cerceda Rodriguez, Monica"
Female,0,50-64,EU,Married,21xx,"Gonzalez Mejia, Cassandra"
Male,0,65+,EU,Married,24xx,"al-Khalaf, Shaahir"
Female,0,50-64,EU,Married,24xx,"White, Taylor"
Female,2,50-64,EU,Married,22xx,"King, Ashley"
Female,0,30-49,EU,Single,23xx,"Aleman, Kimberly"
Male,0,50-64,EU,Married,24xx,"Matsushima, Ian"
Male,2,50-64,EU,Married,22xx,"al-Salam, Shuraih"
Male,0,50-64,EU,Married,22xx,"Roberts, Dillon"
Male,0,30-49,EU,Married,22xx,"Bello-Trobiani, Alfredo"
Female,0,50-64,EU,Married,23xx,"Scott, Mariah"
Male,2,50-64,EU,Married,24xx,"Maclean, James"
Female,2,65+,non EU,Married,24xx,"Dedios, Alvina"
Male,0,50-64,EU,Single,24xx,"Visher, Connor"
Male,0,50-64,EU,Single,24xx,"Sanchez, Diego"
Female,2,50-64,EU,Married,21xx,"Peluso, Tristan"
Male,0,65+,non EU,Single,21xx,"el-Salem, Shaddaad"
Female,0,50-64,EU,Married,24xx,"Hernandez, Marissa"
Male,2,65+,EU,Married,24xx,"Aragon, Bryce"
Female,0,50-64,EU,Married,24xx,"Yohe, Ashlee"
Female,0,65+,EU,Married,23xx,"Reverand, Jharrimarshae"
Female,0,50-64,EU,Married,21xx,"Hanson, Alyssa"
Female,0,50-64,EU,Married,23xx,"Frost, Jill"
Male,2,50-64,EU,Married,23xx,"el-Sadiq, Aadil"
Male,0,30-49,EU,Married,23xx,"Balderrama, Michael"
Female,0,50-64,EU,Married,22xx,"Molina, Evelyn"
Male,0,50-64,non EU,Married,22xx,"el-Irani, Ayyoob"
Female,0,65+,EU,Married,23xx,"al-Kazi, Mu'mina"
Male,2,65+,EU,Married,22xx,"el-Kanan, Haaroon"
Female,0,50-64,EU,Married,23xx,"Owens, Allysa"
Male,0,50-64,EU,Single,22xx,"el-Satter, Nadeem"
Male,0,30-49,EU,Married,24xx,"el-Mina, Hamdaan"
Male,0,50-64,EU,Married,24xx,"Caravio, Samuel"
Male,2,50-64,non EU,Single,21xx,"Trinh, Seth"
Female,0,65+,EU,Single,23xx,"Frick, Regan"
Female,0,50-64,EU,Married,22xx,"Duarte, Alejandra"
Male,0,50-64,EU,Married,23xx,"Needham, Kevin"
Male,2,65+,EU,Married,24xx,"Schlauch, Dustin"
Female,0,50-64,EU,Married,24xx,"Luevano, Anissa"
Female,0,50-64,EU,Married,24xx,"Luzardo, Estela"
Female,2,65+,EU,Single,23xx,"Duncan, Mischa"
Female,0,50-64,EU,Married,24xx,"Glenn, Nastassia"
Male,2,50-64,EU,Married,22xx,"Doan, Tommy"
Female,2,50-64,EU,Married,22xx,"Dizon, Sarah"
Female,2,50-64,EU,Married,21xx,"Nichols, Kristen"
Female,0,50-64,EU,Married,24xx,"el-Kader, Muneefa"
Male,0,50-64,EU,Married,23xx,"Wright, Damon"
Female,0,65+,EU,Married,22xx,"Valdez, Briana"
Male,2,50-64,EU,Married,24xx,"Walker, Clarence"
Female,2,50-64,EU,Single,24xx,"Ayres, Jessica"
Female,0,50-64,EU,Single,23xx,"el-Kaiser, Raaida"
Male,0,50-64,EU,Married,22xx,"Mccarty, Matthew"
Female,2,50-64,EU,Married,23xx,"Renbarger, Lauryn"
Female,0,65+,EU,Married,23xx,"Gayman, Aranda"
Male,0,50-64,EU,Married,22xx,"Hicks, Tylor"
Female,0,50-64,EU,Single,24xx,"Lynch, Nicole"
Female,0,50-64,EU,Married,22xx,"Marks, Shannon"
Male,2,50-64,EU,Married,24xx,"Rivera Lopez, Alberto"
Female,0,50-64,EU,Single,22xx,"O Brien, Jocelyn"
Male,0,50-64,EU,Married,22xx,"al-Habeeb, Katheer"
Male,2,50-64,EU,Married,23xx,"el-Hashemi, Baahir"
Male,2,50-64,EU,Married,21xx,"Sanni, Christian"
Male,0,50-64,EU,Married,24xx,"Klingelsmith, Ian"
Male,0,50-64,EU,Married,22xx,"Robles, Nicholas"
Female,2,50-64,EU,Married,22xx,"Oceguera, Andrea"
Female,2,50-64,EU,Single,23xx,"el-Huq, Maariya"
Female,2,50-64,EU,Single,22xx,"al-Ibrahim, Waneesa"
Male,0,65+,EU,Single,24xx,"Sanchez, Isaiah"
Female,0,30-49,EU,Single,22xx,"Dettmann, Mariah"
Male,2,30-49,EU,Single,22xx,"Lee, Mikio"
Female,0,50-64,non EU,Single,23xx,"Abernathy, Katelyn"
Female,2,50-64,EU,Married,24xx,"al-Mahmood, Labeeba"
Male,2,30-49,EU,Married,22xx,"Northup, Evan"
Female,0,50-64,EU,Married,21xx,"Urrutia, Chelsey"
Female,2,50-64,EU,Married,21xx,"al-Mirza, Mazeeda"
Female,0,65+,EU,Married,24xx,"Brown, Kayla"
Male,2,65+,EU,Married,24xx,"Wong, Jesse"
Male,0,65+,EU,Single,23xx,"Kavorkian, Shon"
Female,2,30-49,EU,Married,21xx,"Reaves, Andelyn"
Male,0,50-64,EU,Married,23xx,"Finley, Uriah"
Male,2,50-64,EU,Married,22xx,"Mabry-Moore, Alton"
Male,0,50-64,EU,Married,22xx,"Mcbryde, Noland"
Male,2,50-64,EU,Married,21xx,"Cienfuegos Fajardo, Brandon"
Female,0,50-64,EU,Married,23xx,"Blevins, Natasha"
Female,2,50-64,EU,Married,21xx,"Morales, Alysia"
Female,0,65+,EU,Married,24xx,"Casillas Silva, Brittany"
Female,0,30-49,EU,Married,24xx,"Ortiz, Alexandria"
Female,2,50-64,EU,Married,22xx,"Billsie, Casey"
Female,0,30-49,EU,Married,23xx,"Aggrey Ofori, Destony"
Female,0,65+,EU,Married,24xx,"Walker, Danayt"
Female,0,50-64,EU,Married,23xx,"Risse, Venessa"
Female,0,50-64,EU,Single,22xx,"Bruce, Sasha"
Male,2,50-64,EU,Married,24xx,"Kreutzman, Bryan"
Female,0,50-64,EU,Married,24xx,"Flores-Gonzalez, Georgina"
Male,0,50-64,non EU,Single,24xx,"Fifita, Forest"
Female,2,50-64,EU,Single,24xx,"el-Shahan, Atiyya"
Male,0,50-64,EU,Married,22xx,"Dehaan, Brandon"
Female,0,50-64,EU,Married,24xx,"Dietz, Shayne"
Male,2,50-64,EU,Single,22xx,"Tourjee, Blair"
Female,0,50-64,EU,Married,24xx,"al-Adel, Naqiyya"
Male,2,50-64,EU,Married,21xx,"Salazar, Carlos"
Male,0,50-64,EU,Married,22xx,"Kumar Rao, Rohun"
Female,0,50-64,EU,Married,24xx,"el-Salloum, Mazeeda"
Male,0,50-64,EU,Single,23xx,"al-Ahmed, Faheem"
Female,0,30-49,EU,Married,23xx,"Melendez, Alondra"
Male,2,50-64,EU,Married,24xx,"Wright, Jonathan"
Female,0,50-64,EU,Married,23xx,"Ornelas, Michelle"
Male,2,50-64,non EU,Married,23xx,"Gore, Ermias"
Female,2,50-64,non EU,Single,24xx,"Wiese, Alexandria"
Female,2,30-49,EU,Married,22xx,"Munoz-Andrade, Susana"
Male,2,50-64,EU,Married,22xx,"Thatch, Andre"
Male,0,50-64,EU,Married,23xx,"Brown, Jared"
Female,0,50-64,EU,Married,21xx,"O'Hara, Nykia"
Female,2,50-64,EU,Married,21xx,"Rhees, Teresa"
Female,2,50-64,EU,Married,22xx,"Naranjo, Makenzie"
Male,2,30-49,EU,Married,22xx,"Ahmed, Tassawwar"
Male,0,50-64,EU,Single,22xx,"Barela, Willie"
Male,0,50-64,EU,Single,23xx,"Harris, Aaron"
Female,0,50-64,EU,Single,22xx,"al-Shakoor, Afraah"
Male,0,50-64,EU,Single,23xx,"Trujillo, Kaleb"
Male,0,50-64,EU,Married,24xx,"Wilcox, Daniel"
Female,0,50-64,EU,Married,22xx,"Ruebel, Lara"
Male,0,50-64,EU,Single,22xx,"Ruiz, Amado"
Female,0,50-64,EU,Married,22xx,"Matthias, Jennifer"
Male,2,50-64,EU,Married,24xx,"el-Rauf, Masood"
Male,2,50-64,EU,Married,22xx,"King, Darren"
Female,0,50-64,EU,Married,22xx,"Yohe-Ironwing, Kirsten"
Female,2,50-64,EU,Married,24xx,"Pulley, Kimber"
Male,0,50-64,EU,Married,24xx,"al-Mostafa, Shaafi"
Female,0,30-49,EU,Single,21xx,"Schaffer, Serina"
Male,2,50-64,EU,Single,22xx,"Taylor, Isaac"
Male,2,50-64,EU,Married,24xx,"Lyons, Brennan"
Male,0,50-64,EU,Married,24xx,"White, Ronald"
Female,2,50-64,EU,Married,22xx,"Dang-Baca, Julia"
Female,0,50-64,EU,Married,23xx,"Taylor, Marceen"
Female,0,50-64,EU,Single,24xx,"Mcdonald Landers, Chelsea"
Female,0,50-64,EU,Married,24xx,"Dindinger, Geena"
Female,0,50-64,EU,Married,22xx,"al-Salah, Azeema"
Male,0,65+,EU,Single,24xx,"Ragoschke, Dayton"
Male,0,50-64,EU,Married,24xx,"Ritchie, Maurice"
Male,2,50-64,EU,Married,24xx,"Ledezma, Demichael"
Male,0,65+,EU,Married,24xx,"al-Ghazi, Imraan"
Female,0,65+,EU,Married,24xx,"Eaton, Sydney"
Male,0,65+,EU,Married,24xx,"Rivas, Gabriel"
Female,0,65+,EU,Single,22xx,"Benavides, Rosemerry"
Male,2,65+,EU,Married,24xx,"Murphy, Isaac"
Female,0,65+,EU,Married,24xx,"Ruth, Tanna"
Female,0,50-64,EU,Married,23xx,"al-Karimi, Aneesa"
Female,0,65+,EU,Single,24xx,"Tran, Kate"
Female,0,65+,EU,Married,23xx,"al-Jamil, Khaira"
Female,2,50-64,EU,Married,21xx,"Habtu, Demi"
Male,0,30-49,EU,Married,21xx,"Xiong, Cody"
Male,0,65+,EU,Single,23xx,"Ursich, Zachary"
Female,0,65+,EU,Single,23xx,"al-Jabour, Huwaida"
Male,0,65+,EU,Married,22xx,"Miguel-Gomez, Richard"
Female,0,30-49,EU,Married,24xx,"Greco-Page, Maria"
Female,0,65+,EU,Single,22xx,"Chen, Ann"
Female,2,65+,EU,Married,24xx,"Oskarsson, Chae Weon"
Male,2,65+,EU,Single,24xx,"al-Hassan, Tayyib"
Male,2,50-64,EU,Married,22xx,"Tankersley, Maxwell"
Female,0,65+,EU,Single,22xx,"Garth, Cinnamon"
Male,0,65+,EU,Married,21xx,"Cochran, Matthew"
Female,0,65+,EU,Married,24xx,"Guevara, Destiney"
Female,0,50-64,EU,Married,24xx,"Wakefield, Sabrina"
Male,2,65+,EU,Married,22xx,"Daniels, Mathew"
Female,0,30-49,non EU,Married,22xx,"Keller, Savannah"
Male,0,65+,EU,Married,24xx,"Minjarez, Jafett"
Male,0,65+,EU,Married,22xx,"Fischer, Mahyar"
Male,0,65+,EU,Married,23xx,"Hernandez, Emilio"
Female,0,65+,EU,Married,23xx,"el-Kazmi, Mawhiba"
Male,0,65+,EU,Single,24xx,"Akin, Gregory"
Male,0,65+,non EU,Single,22xx,"Joseph, Jerell"
Female,0,65+,EU,Single,22xx,"Elswick, Amy"
Male,0,65+,EU,Married,23xx,"Lor, Andrew"
Male,0,50-64,EU,Single,24xx,"Gebre-Michael, Christoffer"
Female,2,50-64,EU,Married,23xx,"Beauchane, Amber"
Male,2,50-64,EU,Single,22xx,"Roybal, Christopher"
Female,0,65+,EU,Married,24xx,"Enriquez, Ana"
Female,0,65+,EU,Married,22xx,"el-Badour, Rayyana"
Female,0,65+,non EU,Married,21xx,"Bancroft, Elizabeth"
Male,0,65+,EU,Single,24xx,"Franz, Gregory"
Female,0,65+,non EU,Married,22xx,"Kalhoefer, Natalie"
Female,0,50-64,EU,Married,23xx,"al-Bashir, Sahar"
Male,0,65+,EU,Single,24xx,"O Reilly, Javkhlan"
Male,0,65+,EU,Married,23xx,"Sherer, Allajawaun"
Male,0,65+,EU,Married,24xx,"Blanco, Christian"
Male,2,65+,EU,Single,24xx,"Serrano, Christopher"
Female,0,30-49,EU,Married,22xx,"Abeyta, Anjelica"
Male,2,65+,EU,Married,23xx,"Bruce, Aric"
Female,0,65+,EU,Married,22xx,"Weiss, Lindzey"
Female,0,30-49,non EU,Married,21xx,"Wallace, Chantal"
Female,2,65+,EU,Married,21xx,"Brown, Melissa"
Female,2,50-64,EU,Single,24xx,"White Bear, Delphine"
Female,0,65+,EU,Married,23xx,"Curtis, Nakeia"
Male,0,65+,EU,Married,21xx,"Sanchez, Alexander"
Female,0,50-64,EU,Married,23xx,"Perez, Maria"
Female,2,65+,EU,Married,24xx,"Gade, Tara"
Female,0,65+,EU,Married,24xx,"Harris, Briona"
Female,0,65+,EU,Married,24xx,"Hamilton, Dominika"
Female,0,65+,EU,Married,22xx,"el-Radwan, Wardiyya"
Female,0,65+,EU,Married,22xx,"Ruiz, Nicole"
Male,0,65+,EU,Married,23xx,"Kimrey, Anthony"
Female,0,65+,EU,Married,22xx,"Dobbins, December"
Female,0,65+,EU,Married,22xx,"Lopez, Luz"
Female,2,65+,EU,Single,23xx,"Allen, Daria"
Female,0,50-64,EU,Married,24xx,"Giltner, Rebecca"
Male,0,65+,EU,Single,24xx,"Dresser, Richard"
Female,0,65+,EU,Single,24xx,"Wilson, Courtney"
Male,0,65+,EU,Single,22xx,"Nguyen, Bryan"
Male,0,65+,EU,Married,23xx,"Muralidharan, Brandon"
Male,2,65+,EU,Married,23xx,"West, Benjamin"
Male,0,50-64,EU,Married,24xx,"al-Tamer, Husaam"
Male,2,30-49,EU,Married,24xx,"Lakos, Alex"
Male,0,65+,EU,Married,24xx,"al-Maroun, Jameel"
Female,2,65+,EU,Single,23xx,"el-Hariri, Qamraaa"
Male,0,50-64,EU,Married,22xx,"el-Sylla, Daamir"
Male,2,65+,EU,Married,22xx,"al-Hashim, Hamood"
Male,0,30-49,non EU,Married,22xx,"Izquierdo, Jose"
Male,2,65+,EU,Married,21xx,"al-Zadeh, Abdul Haadi"
Male,0,65+,EU,Married,24xx,"Owens, Michael"
Male,0,65+,EU,Married,22xx,"Irvin, Preston"
Male,2,65+,EU,Single,22xx,"el-Mir, Musaddiq"
Female,0,65+,EU,Married,22xx,"Gilman, Karleina"
Female,0,65+,EU,Single,24xx,"Panchal, Inna"
Female,0,65+,EU,Single,24xx,"Ortiz, Chloe"
Female,2,65+,EU,Married,21xx,"Bass, Rachel"
Female,0,50-64,EU,Married,24xx,"Easley, Calli"
Female,0,30-49,EU,Single,23xx,"Amundson-West, Kate"
Male,2,65+,EU,Married,24xx,"Parks, Dominique"
Male,2,65+,EU,Married,21xx,"Muhumed, Ronell"
Female,2,65+,EU,Married,24xx,"Lanning, Jacquelyn"
Male,2,65+,EU,Married,24xx,"Contino, Joel"
Female,2,50-64,EU,Married,23xx,"Lane, Elizabeth"
Male,0,65+,EU,Married,24xx,"Truong, Luis"
Female,0,50-64,EU,Single,22xx,"al-Shahidi, Waseema"
Female,2,65+,EU,Married,23xx,"Patten, Stephanie"
Female,0,65+,non EU,Married,24xx,"Gayles, Shaterica"
Female,0,65+,EU,Married,24xx,"Mergil, Veronica"
Female,2,50-64,EU,Married,24xx,"al-Rehman, Hanaaa"
Male,0,65+,EU,Single,23xx,"al-Farra, Jameel"
Female,0,65+,EU,Single,22xx,"Worford, Aubrianna"
Female,0,65+,non EU,Married,24xx,"Moonlight, Nikki"
Male,0,50-64,EU,Married,22xx,"Yamamoto, Julian"
Female,0,65+,EU,Single,22xx,"Chlopek, Victoria"
Male,0,65+,EU,Married,22xx,"el-Mattar, Dhaahir"
Male,2,65+,EU,Single,22xx,"Mettler, Joshua"
Female,2,65+,EU,Single,24xx,"al-Moradi, Faseeha"
Female,2,50-64,EU,Married,24xx,"al-Abid, Marzooqa"
Female,0,65+,EU,Married,24xx,"Williams, Olivya"
Female,0,50-64,EU,Married,22xx,"al-Jabbour, Sireen"
Female,0,65+,EU,Married,21xx,"Arellano, Monique"
Male,0,65+,EU,Married,22xx,"Yim, Joseph"
Male,0,65+,EU,Single,23xx,"Rice, Jibrael"
Female,0,65+,EU,Single,24xx,"Lightfoot, Tristin"
Female,2,65+,EU,Married,22xx,"el-Hamidi, Mujaahida"
Male,0,65+,EU,Single,22xx,"Sandoval, Sergio"
Female,0,50-64,non EU,Single,24xx,"el-Dawood, Rahma"
Male,0,65+,EU,Single,23xx,"Maddux, Tre"
Female,0,65+,EU,Married,22xx,"Anderstrom, Krysta"
Female,0,65+,EU,Single,24xx,"el-Amara, Tahaani"
Female,0,65+,EU,Single,24xx,"Berry, Eloyita"
Male,0,65+,EU,Married,24xx,"Marquez, Michael"
Male,0,65+,EU,Single,23xx,"Valadez, Diego"
Male,0,65+,non EU,Married,24xx,"Gonzales, Michael"
Male,2,65+,EU,Single,24xx,"al-Farooqui, Faai Z"
Male,2,65+,EU,Married,24xx,"Page, Yared"
Female,2,65+,EU,Married,24xx,"An, Nadia"
Female,0,50-64,EU,Married,23xx,"al-Attar, Sumbula"
Male,2,65+,EU,Married,22xx,"Warren, Paul"
Male,0,65+,EU,Married,21xx,"Merschel, Casey"
Female,0,65+,EU,Single,24xx,"Villegas, Sadie"
Male,2,65+,EU,Single,22xx,"Yourtz, Noah"
Female,0,65+,EU,Married,24xx,"el-Greiss, Tayyiba"
Female,0,65+,EU,Married,24xx,"Nguyen, Joan"
Female,0,65+,EU,Single,24xx,"Scott, Jasmine"
Female,2,65+,EU,Single,23xx,"Ross, Evee"
Male,2,65+,EU,Married,23xx,"Rhoades, Faith"
Female,2,65+,EU,Single,24xx,"Jackson, Amanda"
Male,0,65+,EU,Married,24xx,"Trewartha, Jacob"
Male,2,65+,EU,Married,21xx,"el-Farha, Khairi"
Female,2,65+,EU,Married,24xx,"Walker, Brandi"
Female,0,65+,EU,Married,24xx,"Debenedittis, Isabella"
Male,0,65+,EU,Single,23xx,"Rodriguez, Benelito"
Male,0,65+,EU,Married,22xx,"Morgan, Daniel"
Male,0,65+,EU,Single,24xx,"Hamlet, Tyler"
Male,2,50-64,EU,Married,24xx,"Wells, Zachery"
Female,2,30-49,EU,Single,22xx,"Baker, Anna"
Female,0,65+,EU,Single,22xx,"Rivera, Miriam"
Female,2,30-49,EU,Single,21xx,"Fortune, Jazmine"
Male,0,65+,EU,Single,22xx,"Preator, Jonathon"
Female,0,65+,EU,Married,23xx,"Barreto-Leon, Mariah"
Female,0,50-64,EU,Single,24xx,"al-Bashir, Awaatif"
Male,0,65+,EU,Married,22xx,"Vicknair, Joseph"
Female,2,50-64,EU,Single,22xx,"el-Mitri, Ummu Kulthoom"
Male,0,65+,EU,Single,23xx,"Castillo, Angel"
Male,0,50-64,EU,Married,24xx,"Kelly, Joey"
Female,0,30-49,EU,Single,24xx,"Harris, Gabrielle"
Female,0,65+,EU,Married,21xx,"Gardella, Teresa"
Female,2,30-49,EU,Married,22xx,"Lewis, Chae Weon"
Male,0,65+,EU,Married,22xx,"Massarotti, Jared"
Female,0,65+,EU,Single,23xx,"Fernandez, Cynthia"
Male,0,65+,EU,Single,24xx,"Mccabe, Skye"
Female,0,65+,EU,Married,24xx,"Dehart, Kyla"
Male,0,65+,EU,Single,22xx,"el-Jama, Arkaan"
Male,0,65+,EU,Married,22xx,"Toledo, Seth"
Female,2,50-64,EU,Single,23xx,"al-Mousa, Ramza"
Female,0,65+,EU,Single,24xx,"Martinez-Alcon, Jurea"
Male,0,65+,EU,Married,23xx,"Vigil, Mario"
Female,0,50-64,EU,Married,23xx,"Bost, Gabrielle"
Male,0,65+,EU,Married,22xx,"Yilma, Jaisean"
Female,0,50-64,EU,Single,24xx,"Nevares, Kyana"
Female,0,65+,EU,Married,23xx,"Rinhart, Olivya"
Female,0,30-49,non EU,Married,21xx,"el-Madani, Siddeeqa"
Male,2,65+,EU,Married,22xx,"Montoya, Alejandro"
Male,0,65+,non EU,Married,24xx,"Ray, Christian"
Female,2,65+,EU,Married,24xx,"Howard, Angalique"
Male,0,65+,non EU,Married,22xx,"White, Brendan"
Male,0,65+,EU,Married,23xx,"Hourihan, Ervin"
Male,0,50-64,EU,Single,22xx,"al-Miah, Haashid"
Female,0,65+,EU,Married,22xx,"Brooks, Bethel"
Male,0,65+,EU,Single,24xx,"Fernandez, Taylor"
Female,0,65+,EU,Married,24xx,"Camack, Alysha"
Female,0,65+,non EU,Married,23xx,"Young, Alexah"
Male,2,65+,EU,Single,23xx,"Frary, Elliot"
Male,0,50-64,EU,Married,21xx,"Anderson, Johnny"
Female,0,65+,EU,Married,24xx,"Glynn, Jayda"
Male,2,65+,EU,Married,22xx,"Tenorio, Tre"
Female,0,65+,non EU,Married,23xx,"Woodbury, Cassidy"
Female,2,50-64,EU,Married,23xx,"Etsitty, Savanna"
Female,0,65+,EU,Single,22xx,"Meeker, Sarah"
Female,0,50-64,EU,Married,24xx,"Jones, Alyce"
Male,0,65+,EU,Married,24xx,"Richards, Brandon"
Male,0,65+,non EU,Single,24xx,"Boden, Tyler"
Female,0,65+,EU,Single,24xx,"el-Obeid, Mubeena"
Male,2,65+,EU,Married,24xx,"Bolden, Jeremiah"
Male,2,65+,EU,Single,21xx,"Zajicek, Ryan"
Male,0,65+,EU,Married,23xx,"Gates, Blake"
Male,2,30-49,EU,Married,24xx,"King, Gary"
Male,2,50-64,EU,Married,23xx,"Buttenmiller, Tyler"
Male,2,50-64,EU,Single,24xx,"Gann, Dalton"
Male,0,65+,EU,Single,23xx,"Lumsden, Tyler"
Female,2,30-49,EU,Single,21xx,"el-Rasheed, Atheer"
Male,0,65+,non EU,Married,23xx,"Magat, Andrew"
Female,0,30-49,EU,Single,23xx,"Stapleton, Kayla"
Male,0,65+,EU,Married,24xx,"Seng, Kyle"
Male,2,30-49,EU,Married,23xx,"Gray, Johani"
Male,2,65+,EU,Married,24xx,"Smith, Zachary"
Male,0,65+,EU,Married,24xx,"Woolsey, Dallen"
Male,2,30-49,EU,Married,23xx,"Allen, Tristan"
Male,2,50-64,EU,Married,24xx,"el-Aman, Hudhaifa"
Female,0,65+,non EU,Married,21xx,"Smith, Courtney"
Female,0,65+,EU,Married,22xx,"el-Noor, Raabia"
Female,2,50-64,EU,Single,23xx,"Quilon, Aisha"
Female,0,30-49,EU,Married,23xx,"Tamblyn, Nikki"
Male,2,65+,EU,Single,24xx,"Harper, Bishop"
Male,0,65+,EU,Married,24xx,"Onuoha Onyekuru, Darian"
Male,0,65+,EU,Single,24xx,"Sandell, Tyler"
Male,0,50-64,EU,Married,24xx,"Ramirez-Moran, Jose"
Male,2,65+,EU,Single,23xx,"Griffis, Kyle"
Male,0,65+,EU,Single,24xx,"Pallister, Nicolas"
Male,2,65+,EU,Married,24xx,"Garcia, Brandon"
Female,0,50-64,EU,Married,21xx,"Davidovich, Shylar"
Female,0,65+,EU,Married,22xx,"Nelson, Taylor"
Female,0,65+,EU,Married,22xx,"Thong, Morgan"
Female,2,65+,EU,Married,24xx,"Ortiz, Melisa"
Male,0,65+,EU,Married,23xx,"Mayer, Nicholas"
Male,2,65+,EU,Married,22xx,"Santos, Christian"
Female,2,65+,EU,Single,24xx,"Pfister, Cassandra"
Female,2,65+,EU,Single,24xx,"Garcia, Gloria"
Female,0,65+,EU,Single,23xx,"Cabrera-Bahena, Alicia"
Male,2,50-64,EU,Married,22xx,"Ayyanar, Ryan"
Male,0,65+,EU,Single,24xx,"Franco-Aguilar, Michael"
Female,0,50-64,EU,Single,24xx,"Jones, Dashanae"
Male,0,50-64,EU,Single,24xx,"el-Edris, Abdur Razzaaq"
Male,0,65+,EU,Married,21xx,"al-Masood, Jaarallah"
Male,0,65+,EU,Single,23xx,"Gutierrez, Matthew"
Male,0,65+,EU,Single,21xx,"Devilbiss, Mitchell"
Female,0,50-64,EU,Married,23xx,"Stoddard, Sarah"
Female,0,65+,EU,Single,22xx,"Moroz, Kelsey"
Female,2,65+,EU,Married,22xx,"Rodriguez Rios, Angela"
Female,0,65+,non EU,Single,22xx,"Powell, Avianha"
Female,0,30-49,EU,Married,22xx,"Asad, Emma"
Male,0,65+,EU,Single,24xx,"Street, Colter"
Male,2,30-49,EU,Married,22xx,"Wing, Christian"
