sex,last_voted,age_a,citizenship_a,maritalstatus_a,zip_a,Unnamed: 6,Unnamed: 7,Unnamed: 8,Unnamed: 9,Unnamed: 10,name,match
Male,1,21,EU,Married,22xx,,,,,,"el-Farag, Nabeeh",True
Female,1,23,EU,Married,23xx,,,,,,"Tewelde, Ashley",True
Male,1,24,EU,Married,23xx,,,,,,"Lewis, Shomari",True
Male,1,25,EU,Married,21xx,,,,,,"el-Ismael, Ismaeel",True
Male,1,21,non-EU,Married,21xx,,,,,,"Loftus, Jonathon",False
Female,1,23,EU,Married,24xx,,,,,,"el-Awan, Hazeela",True
Male,1,21,EU,Married,23xx,,,,,,"el-Basha, Aasim",True
Male,1,24,EU,Married,21xx,,,,,,"Miyauchi, Ryan",True
Female,1,26,EU,Married,22xx,,,,,,"Chretien, Danica",True
Female,1,22,EU,Married,21xx,,,,,,"Ortega, Alinn",True
Female,1,25,EU,Married,21xx,,,,,,"Martinez, Elberta",True
Female,1,21,EU,Married,22xx,,,,,,"Cunningham, Jordan",True
Female,1,27,non-EU,Married,21xx,,,,,,"al-Salame, Raafida",False
Male,1,22,EU,Married,21xx,,,,,,"al-Hammoud, Zuhair",True
Male,1,23,EU,Married,22xx,,,,,,"Durden-Porter, Jacob",True
Female,1,24,EU,Married,24xx,,,,,,"Delaney, Payton",True
Male,1,20,EU,Married,22xx,,,,,,"al-Idris, Saleem",True
Female,1,21,EU,Married,22xx,,,,,,"al-Siddiqui, Sitaara",True
Female,1,25,non-EU,Married,21xx,,,,,,"al-Farooqui, Tahiyya",False
Female,1,27,EU,Married,22xx,,,,,,"Apodaca Cordova, Kristie",True
Male,1,25,EU,Married,22xx,,,,,,"Lopez Murillo, Giovanni",True
Female,1,34,EU,Married,24xx,,,,,,"Frazer, Danielle",True
Male,1,32,EU,Married,23xx,,,,,,"Folsom, Sheldon",True
Female,1,30,EU,Married,23xx,,,,,,"Meltesen-Lee, Mary",True
Male,1,31,EU,Married,22xx,,,,,,"Mccary, Alec",True
Female,1,34,EU,Married,23xx,,,,,,"Lucero, Stephanie",True
Female,1,33,EU,Married,21xx,,,,,,"Gonzalez, Lisbeth",True
Female,1,31,EU,Married,24xx,,,,,,"Allen, Ebony",True
Female,1,29,EU,Married,24xx,,,,,,"Santillanes, Shani",True
Male,1,33,EU,Married,21xx,,,,,,"Burnett, Dandre",True
Female,1,34,EU,Married,24xx,,,,,,"Lyon, Emily",True
Female,1,28,EU,Married,21xx,,,,,,"Maclellan, Ariana",True
Female,1,34,EU,Married,22xx,,,,,,"Groesbeck, Alexandria",True
Male,1,29,EU,Married,22xx,,,,,,"Murphy, Shomari",True
Female,1,29,EU,Married,21xx,,,,,,"Sameshima, Joanna",True
Male,1,33,EU,Married,24xx,,,,,,"Robele, Orlando",True
Male,1,32,EU,Married,22xx,,,,,,"Byrd, Charles",True
Male,1,30,EU,Married,23xx,,,,,,"Neal, Ryan",True
Female,1,30,EU,Married,23xx,,,,,,"Apineru, Arshia",True
Female,1,33,EU,Single,21xx,,,,,,"Curry, Mische",True
Male,1,27,EU,Married,21xx,,,,,,"Schmalz, Joseph",True
Male,1,37,EU,Married,24xx,,,,,,"Gonzales, Rafael",True
Male,1,33,EU,Married,22xx,,,,,,"Nguyen, Adam",True
Female,1,36,non-EU,Married,23xx,,,,,,"Chen, Joslyn",False
Female,1,35,EU,Married,22xx,,,,,,"Sanders, Tiana",True
Male,1,29,EU,Married,21xx,,,,,,"Millard, Nicholas",True
Female,1,32,EU,Married,22xx,,,,,,"Pinto, Stephanie",True
Male,1,30,EU,Married,21xx,,,,,,"Arsenault, Forrest",True
Male,1,37,non-EU,Married,24xx,,,,,,"O'Brien, Josh",False
Female,1,27,EU,Married,23xx,,,,,,"Zamora, Brynja",True
Male,1,34,EU,Married,21xx,,,,,,"Olveda Madrid, Felix",True
Male,1,34,EU,Married,21xx,,,,,,"Marquez, Ernesto",True
Female,1,31,EU,Married,23xx,,,,,,"Davis, Ayreonnah",True
Female,1,31,EU,Married,23xx,,,,,,"Islamzai, Kelly",True
Male,1,36,EU,Married,23xx,,,,,,"Richardson, Wesley",True
Male,1,34,EU,Married,24xx,,,,,,"Terrell, Deion",True
Female,1,31,EU,Married,23xx,,,,,,"Reynolds, Olivia",True
Male,1,33,non-EU,Married,21xx,,,,,,"Garcia, Roberto",False
Female,1,36,EU,Married,23xx,,,,,,"Avila, Alyssa",True
Male,1,33,EU,Married,23xx,,,,,,"Pielsticker, Timmy",True
Male,1,35,EU,Married,21xx,,,,,,"al-Rabbani, Abdul Khaliq",True
Male,1,29,EU,Married,21xx,,,,,,"Vigil Jr, Antonio",True
Female,1,27,EU,Married,22xx,,,,,,"al-Rashed, Haakima",True
Female,1,34,EU,Married,24xx,,,,,,"al-Abood, Shahaada",True
Male,1,33,EU,Married,22xx,,,,,,"Mendez, Eddie",True
Male,1,34,EU,Married,24xx,,,,,,"al-Doud, Shabaan",True
Female,1,31,EU,Married,21xx,,,,,,"Atkinson, Emily",True
Female,1,31,EU,Married,21xx,,,,,,"Wood, Javeria",True
Male,1,34,EU,Married,22xx,,,,,,"Roy, Wayne",True
Male,1,29,EU,Married,23xx,,,,,,"Canty, Jared",True
Female,1,34,EU,Married,23xx,,,,,,"Sanchez, Alexandria",True
Male,1,34,EU,Married,24xx,,,,,,"Her, Samuel",True
Female,1,30,EU,Married,23xx,,,,,,"Singh, Anna",True
Female,1,28,EU,Married,21xx,,,,,,"al-Yousif, Iffat",True
Male,1,33,EU,Married,23xx,,,,,,"Taylor, Kenneth",True
Female,1,35,EU,Married,23xx,,,,,,"Moore, Tamara",True
Male,1,34,EU,Married,24xx,,,,,,"Tafoya, Auden",True
Male,1,35,non-EU,Married,22xx,,,,,,"Ambaye, Austin",False
Male,1,32,EU,Married,24xx,,,,,,"el-Arif, Wajeeb",True
Female,1,37,EU,Married,24xx,,,,,,"Sa, Shagun",True
Female,1,33,EU,Married,23xx,,,,,,"el-Younes, Umaima",True
Male,1,28,EU,Married,22xx,,,,,,"al-Ibrahim, Annnees",True
Male,1,32,EU,Married,21xx,,,,,,"Woo, Thai",True
Male,1,36,EU,Married,21xx,,,,,,"Wheeler II, Nathon",True
Female,1,37,EU,Single,21xx,,,,,,"el-Guler, Hissa",True
Female,1,31,EU,Married,23xx,,,,,,"Engstrom, Krista",True
Male,1,29,EU,Married,21xx,,,,,,"Sanchez, Nicklos",True
Male,1,35,EU,Married,22xx,,,,,,"Hamilton, Addam",True
Female,1,37,EU,Married,22xx,,,,,,"Malick, Emily",True
Male,1,31,EU,Married,21xx,,,,,,"Trujillo, Victor",True
Male,1,33,EU,Married,21xx,,,,,,"Lopez-Dozal, Alejandro",True
Male,1,28,EU,Married,21xx,,,,,,"el-Kanan, Mus'ab",True
Male,1,32,EU,Married,22xx,,,,,,"Pena, Jordan",True
Female,1,34,EU,Married,21xx,,,,,,"Hanson, Madeline",True
Male,1,31,EU,Married,23xx,,,,,,"al-Ebrahimi, Rashaad",True
Female,1,39,EU,Married,22xx,,,,,,"Risenhoover, Cassidy",True
Male,1,38,EU,Married,23xx,,,,,,"al-Aziz, Akram",True
Female,1,46,EU,Married,24xx,,,,,,"el-Ghazi, Rasheeqa",True
Male,1,40,EU,Married,23xx,,,,,,"Mcclure, Leighton",True
Male,1,44,EU,Single,23xx,,,,,,"Finney, Isaiah",True
Male,1,46,EU,Married,21xx,,,,,,"Zahn, Richard",True
Male,1,42,EU,Married,24xx,,,,,,"Romero, Tyler",True
Female,1,41,non-EU,Married,23xx,,,,,,"Vigil, Julia",False
Male,1,41,EU,Married,23xx,,,,,,"al-Younan, Nu'maan",True
Female,1,44,EU,Married,24xx,,,,,,"Mortensen, Selena",True
Male,1,45,EU,Married,22xx,,,,,,"Porambo, Christian",True
Female,1,41,EU,Married,22xx,,,,,,"Duran, Mariela",True
Male,1,43,EU,Married,22xx,,,,,,"Freeland, Leroy",True
Male,1,40,EU,Married,22xx,,,,,,"Pae, Jordan",True
Male,1,43,EU,Married,21xx,,,,,,"Molina, Miles",True
Female,1,40,EU,Married,21xx,,,,,,"Billings, Aiyana",True
Female,1,45,EU,Married,23xx,,,,,,"Williams, Paris",True
Male,1,39,EU,Married,24xx,,,,,,"Garcia, Pablo",True
Female,1,39,EU,Married,22xx,,,,,,"Mcgee, Rebekah",True
Male,1,42,EU,Married,24xx,,,,,,"Pope, Dyllon",True
Female,1,38,EU,Married,23xx,,,,,,"Moonlight, Mikayla",True
Female,1,45,non-EU,Married,21xx,,,,,,"Hornbuckle, Breanna",False
Male,1,42,non-EU,Married,24xx,,,,,,"Crespo, Darrian",False
Female,1,39,EU,Married,24xx,,,,,,"Quintanilla, Valerie",True
Male,1,40,EU,Married,22xx,,,,,,"Cook, Taylor",True
Male,1,40,EU,Married,22xx,,,,,,"Brown, Jorden",True
Female,1,40,EU,Married,24xx,,,,,,"Matheny, Cassandra",True
Female,1,44,EU,Married,22xx,,,,,,"Ouch, Yayoua",True
Male,1,44,EU,Married,23xx,,,,,,"al-Saba, Muthanna",True
Male,1,43,EU,Married,24xx,,,,,,"Eriven, Lionel",True
Female,1,42,EU,Married,23xx,,,,,,"Aberle, Larissa",True
Male,1,39,EU,Married,22xx,,,,,,"Dimino-Santistevan, Damien",True
Female,1,40,EU,Married,24xx,,,,,,"Quintana, Selena",True
Male,1,39,EU,Married,24xx,,,,,,"Kilstrom, Marquis",True
Male,1,45,EU,Married,22xx,,,,,,"Michels, Dakota",True
Female,1,37,EU,Single,23xx,,,,,,"Jumbo, Justice",True
Female,1,39,EU,Married,22xx,,,,,,"Eberhart, Cassondra",True
Male,1,43,EU,Married,24xx,,,,,,"Dessau, Chul",True
Female,1,44,non-EU,Single,21xx,,,,,,"John, Olivia",False
Female,1,38,EU,Married,24xx,,,,,,"al-Muhammed, Habeeba",True
Female,1,41,EU,Married,24xx,,,,,,"Fernandez, Dominique",True
Male,1,37,EU,Married,22xx,,,,,,"Greene, Khaleb",True
Male,1,40,EU,Single,24xx,,,,,,"Stauffer, Branden",True
Male,1,39,EU,Married,23xx,,,,,,"al-Mourad, Maaiz",True
Male,1,38,EU,Married,23xx,,,,,,"Mariman, Benjamin",True
Male,1,42,EU,Married,24xx,,,,,,"Quijano, Marcus",True
Male,1,45,EU,Married,22xx,,,,,,"Wang, Ailec",True
Female,1,42,EU,Married,21xx,,,,,,"Crum, Mariah",True
Male,1,44,EU,Single,23xx,,,,,,"Gibbs, Bobby",True
Female,1,41,EU,Married,24xx,,,,,,"Beyene, Ronnica",True
Male,1,43,EU,Married,21xx,,,,,,"Jimenez, Abdi",True
Male,1,38,EU,Married,22xx,,,,,,"Zollars, Carl",True
Male,1,41,EU,Single,23xx,,,,,,"Wommack, Thaine",True
Female,1,46,EU,Married,21xx,,,,,,"el-Bashir, Haaniya",True
Male,1,42,EU,Married,21xx,,,,,,"Murray, Rashawn",True
Female,1,40,EU,Married,24xx,,,,,,"Mayes, Danielle",True
Male,1,47,EU,Single,23xx,,,,,,"De La Cueva, Manuel",True
Female,1,44,EU,Married,22xx,,,,,,"el-Shahidi, Haibaa",True
Female,1,44,EU,Married,24xx,,,,,,"Garcia, Sarahi",True
Female,1,42,EU,Married,21xx,,,,,,"al-Salik, Saalima",True
Female,1,47,EU,Married,22xx,,,,,,"Schultz, Michelle",True
Female,1,46,EU,Single,24xx,,,,,,"Gonzalez, Jocelyn",True
Female,1,39,EU,Married,24xx,,,,,,"Deloux, Kayla",True
Male,1,45,EU,Married,24xx,,,,,,"Ossareh, Jared",True
Male,1,39,non-EU,Single,24xx,,,,,,"Grubaugh, David",False
Male,1,38,EU,Married,24xx,,,,,,"May, Kacey",True
Female,1,43,EU,Single,23xx,,,,,,"Gallegos, Layla",True
Male,1,47,EU,Single,24xx,,,,,,"al-Jafari, Abdur Raheem",True
Male,1,38,EU,Married,24xx,,,,,,"Coley, Miles",True
Male,1,40,EU,Married,24xx,,,,,,"Garone, Brandon",True
Female,1,46,EU,Married,24xx,,,,,,"el-Sattar, Reema",True
Female,1,47,EU,Married,22xx,,,,,,"Rasmussen, Amanda",True
Male,1,40,EU,Single,21xx,,,,,,"Dearing, James",True
Male,1,44,EU,Married,22xx,,,,,,"Thompson, Rocky",True
Male,1,42,EU,Married,22xx,,,,,,"Hannig, Anthony",True
Male,1,45,EU,Married,24xx,,,,,,"Martinez, Angel",True
Female,1,42,EU,Married,23xx,,,,,,"Jeong, Kalina",True
Male,1,38,EU,Married,21xx,,,,,,"Ali, Courtney",True
Male,1,42,EU,Married,21xx,,,,,,"Stumpe, Jason",True
Male,1,41,EU,Married,23xx,,,,,,"Murray, Ka-Jana",True
Female,1,43,EU,Married,24xx,,,,,,"Rindy, Tessa",True
Male,1,43,EU,Married,22xx,,,,,,"al-Salehi, Amaanullah",True
Female,1,38,EU,Married,21xx,,,,,,"Mosher, Amy",True
Female,1,42,EU,Married,21xx,,,,,,"Vasquez, Selena",True
Female,1,37,EU,Single,24xx,,,,,,"Yoshimura, Mitzi",True
Male,1,40,EU,Married,21xx,,,,,,"Camacho, Austin",True
Male,1,56,EU,Single,22xx,,,,,,"Rivera, Julio",True
Male,1,55,EU,Single,21xx,,,,,,"Rael, Alvaro",True
Female,1,50,EU,Married,23xx,,,,,,"el-Haq, Sadeeda",True
Male,1,52,EU,Single,24xx,,,,,,"Yazzie, Michael",True
Male,1,49,EU,Married,23xx,,,,,,"el-Jan, Shaddaad",True
Male,1,52,EU,Married,23xx,,,,,,"el-Agha, Khairi",True
Male,1,49,EU,Married,24xx,,,,,,"Masingale, Colton",True
Male,1,48,EU,Married,22xx,,,,,,"Molitor, Job",True
Male,1,52,EU,Married,23xx,,,,,,"el-Turay, Naazil",True
Female,1,49,EU,Married,23xx,,,,,,"Tharpe, Vivian",True
Male,1,56,EU,Married,22xx,,,,,,"el-Amer, Waleed",True
Male,1,56,EU,Married,24xx,,,,,,"Spetsas, Anthony",True
Female,1,55,EU,Married,24xx,,,,,,"el-Kazemi, Sajiyya",True
Male,1,53,EU,Single,22xx,,,,,,"Anderson, Shawn",True
Female,1,55,non-EU,Married,23xx,,,,,,"Goodman, Bergen",False
Female,1,48,EU,Married,21xx,,,,,,"Martinez, Alexus",True
Female,1,50,EU,Married,21xx,,,,,,"Jeffery, Lydia",True
Female,1,54,non-EU,Married,24xx,,,,,,"Kessack, Janea",False
Male,1,54,EU,Married,24xx,,,,,,"Johnson, Patrick",True
Female,1,51,EU,Married,24xx,,,,,,"Arellano, Gabrielle",True
Male,1,55,EU,Married,22xx,,,,,,"Gowda, Joshua",True
Female,1,48,EU,Married,24xx,,,,,,"Mauldin, Mary",True
Female,1,48,EU,Married,21xx,,,,,,"Fugate, Lisa",True
Female,1,54,EU,Married,23xx,,,,,,"Willow, Kaila",True
Female,1,55,EU,Married,24xx,,,,,,"Lenard, Patricia",True
Female,1,49,EU,Married,22xx,,,,,,"Ramos, Veronica",True
Male,1,50,EU,Married,21xx,,,,,,"Negash, Demario",True
Female,1,48,non-EU,Married,24xx,,,,,,"el-Usman, Arwa",False
Female,1,49,EU,Married,24xx,,,,,,"al-Ghazi, Zeena",True
Female,1,48,EU,Married,21xx,,,,,,"Vai, Rachel",True
Male,1,53,EU,Single,24xx,,,,,,"Hinz, Ryan",True
Female,1,52,EU,Single,21xx,,,,,,"Brunner, Natalie",True
Female,1,47,EU,Married,24xx,,,,,,"Mays, Lyberti",True
Male,1,51,EU,Married,24xx,,,,,,"Horn, Joshua",True
Male,1,57,EU,Married,21xx,,,,,,"Keelick, Mareno",True
Male,1,55,EU,Married,22xx,,,,,,"el-Soltani, Abdul Noor",True
Male,1,49,EU,Married,23xx,,,,,,"Gibson, Bradley",True
Female,1,54,EU,Married,23xx,,,,,,"Howell, Niavis",True
Female,1,48,EU,Married,24xx,,,,,,"al-Majid, Saafiyya",True
Female,1,50,EU,Married,24xx,,,,,,"Russell, Jessica",True
Male,1,51,EU,Married,23xx,,,,,,"al-Rahimi, Tawfeeq",True
Male,1,53,EU,Married,23xx,,,,,,"Sweetwater, Isaiah",True
Male,1,54,EU,Married,21xx,,,,,,"Sun, Evan",True
Male,1,49,non-EU,Married,24xx,,,,,,"Schwartz, Mason",False
Female,1,51,EU,Married,21xx,,,,,,"Zoetewey, Shelby",True
Female,1,49,EU,Married,23xx,,,,,,"Mcelhaney, Tiffany",True
Male,1,55,EU,Married,22xx,,,,,,"Webb, Chaska",True
Male,1,52,EU,Married,23xx,,,,,,"Williams, Xavier",True
Male,1,53,non-EU,Married,23xx,,,,,,"Johnson, Tonio",False
Male,1,48,EU,Married,24xx,,,,,,"Mcdowell, Sidney",True
Male,1,57,EU,Married,24xx,,,,,,"Youngblood, Christian",True
Female,1,50,non-EU,Married,22xx,,,,,,"Tucker, Catherine",False
Male,1,56,EU,Single,21xx,,,,,,"Bruce, Mato Ty",True
Male,1,57,EU,Married,22xx,,,,,,"Hammond, Elias",True
Female,1,55,EU,Married,24xx,,,,,,"Santee, Amber",True
Male,1,55,EU,Married,24xx,,,,,,"al-Salik, Aabdeen",True
Female,1,56,EU,Married,23xx,,,,,,"Cabral, Symone",True
Male,1,54,EU,Married,22xx,,,,,,"Ngo, Tyler",True
Male,1,54,EU,Married,24xx,,,,,,"Glover, Tyler",True
Male,1,48,EU,Single,24xx,,,,,,"Lial, Richard",True
Male,1,56,EU,Single,23xx,,,,,,"Jones, Jonathan",True
Female,1,48,EU,Married,23xx,,,,,,"Dinh, Thu",True
Male,1,53,EU,Married,22xx,,,,,,"Hill, Joseph",True
Male,1,53,EU,Married,23xx,,,,,,"al-Fahs, Zayyaan",True
Female,1,55,EU,Single,22xx,,,,,,"Schneider, Julia",True
Male,1,52,EU,Single,24xx,,,,,,"Goedde, Phillip",True
Female,1,65,EU,Single,21xx,,,,,,"Kascak, Chelsea",True
Male,1,64,EU,Married,21xx,,,,,,"al-Farha, Abdul Waahid",True
Female,1,67,EU,Married,22xx,,,,,,"Landry, Nicole",True
Female,1,62,EU,Married,24xx,,,,,,"Buskey-Williams, Ellen",True
Male,1,62,EU,Single,22xx,,,,,,"Marshall, Andrew",True
Male,1,65,EU,Married,23xx,,,,,,"Thomas, Keith",True
Male,1,61,EU,Married,21xx,,,,,,"Generalao, Neil",True
Female,1,58,EU,Married,24xx,,,,,,"Bautista, Chia-Hsin",True
Male,1,58,EU,Married,23xx,,,,,,"al-Taha, Badruddeen",True
Male,1,61,EU,Married,23xx,,,,,,"Robertson, Christian",True
Female,1,67,EU,Married,23xx,,,,,,"Falls, Ilgude",True
Male,1,60,EU,Married,24xx,,,,,,"Bennett, Hunter",True
Female,1,62,EU,Married,22xx,,,,,,"Dickson, Echo",True
Male,1,59,EU,Married,23xx,,,,,,"al-Hannan, Misfar",True
Female,1,66,EU,Single,24xx,,,,,,"Kinney, Alison",True
Female,1,62,EU,Married,24xx,,,,,,"Cross, Brittany",True
Female,1,61,EU,Married,22xx,,,,,,"Medina, Yesenia",True
Female,1,67,EU,Married,23xx,,,,,,"Pace, Mikayla",True
Male,1,64,EU,Married,24xx,,,,,,"Begay, Roman",True
Female,1,61,EU,Married,22xx,,,,,,"D'Almeida, Makia",True
Female,1,64,EU,Married,23xx,,,,,,"Jiron, Janice",True
Female,1,59,EU,Single,24xx,,,,,,"Castaneda, Cheyene",True
Male,1,58,EU,Married,22xx,,,,,,"Sanchez, Marco",True
Female,1,64,EU,Single,24xx,,,,,,"Martinez, Sitclali",True
Male,1,62,EU,Married,21xx,,,,,,"Schlabaugh, Patrick",True
Male,1,64,EU,Married,22xx,,,,,,"Barron, Brandon",True
Male,1,59,EU,Married,24xx,,,,,,"Romero, Elier",True
Male,1,63,EU,Married,21xx,,,,,,"el-Shaban, Hasan",True
Female,1,61,EU,Married,24xx,,,,,,"Conrad, Kayla",True
Male,1,62,EU,Single,23xx,,,,,,"Dilley, Wilbert",True
Female,1,63,EU,Single,24xx,,,,,,"Delarosa, Justine",True
Female,1,59,non-EU,Married,24xx,,,,,,"Reynolds, Chelsi",False
Female,1,60,EU,Married,23xx,,,,,,"Drummond, Sarena",True
Female,1,65,EU,Married,24xx,,,,,,"Njenga, Edwina",True
Female,1,61,EU,Married,21xx,,,,,,"Vigil, Chasity",True
Male,1,62,EU,Married,24xx,,,,,,"Brough, Tylor",True
Female,1,58,EU,Married,24xx,,,,,,"Garcia, Tracy",True
Female,1,60,EU,Married,23xx,,,,,,"Owens, Megha",True
Female,1,63,EU,Married,22xx,,,,,,"Rodriguez, Abriana",True
Male,1,66,EU,Married,24xx,,,,,,"Lucero, Davis",True
Female,1,67,EU,Single,22xx,,,,,,"Seo, Sierra",True
Male,1,66,EU,Married,23xx,,,,,,"Joseph, Lamar",True
Female,1,58,EU,Married,23xx,,,,,,"al-Sylla, Amaani",True
Female,1,57,EU,Married,24xx,,,,,,"Schuhrke, Karli",True
Female,1,66,EU,Married,22xx,,,,,,"Fernandez Dela Torre, Sabrina",True
Female,1,63,EU,Married,24xx,,,,,,"Williams-Bright, Jade",True
Male,1,64,EU,Married,24xx,,,,,,"Adams, Sean",True
Female,1,65,EU,Married,23xx,,,,,,"Haigler, Kyana",True
Male,1,58,EU,Married,24xx,,,,,,"Hoy, Matthew",True
Male,1,62,EU,Married,24xx,,,,,,"Burgess, Tyler",True
Male,1,71,EU,Married,23xx,,,,,,"Anderson, Josiah",True
Female,1,73,EU,Married,23xx,,,,,,"Rose, Leticia",True
Female,1,75,EU,Married,21xx,,,,,,"Vandel, Kathleen",True
Female,1,72,EU,Married,24xx,,,,,,"Adams, Lawra",True
Female,1,75,EU,Single,21xx,,,,,,"Chavez, Yolanda",True
Male,1,70,EU,Single,22xx,,,,,,"Post, Jesse",True
Female,1,74,EU,Married,23xx,,,,,,"Garcia, Amara",True
Female,1,73,EU,Single,23xx,,,,,,"Eatton, Erayna",True
Female,1,76,EU,Married,22xx,,,,,,"Cooper, Mikhaila",True
Male,1,71,EU,Married,23xx,,,,,,"Vergara, Eric",True
Female,1,68,EU,Married,22xx,,,,,,"Rogers, Anjanet",True
Female,1,70,EU,Married,24xx,,,,,,"Ortega, Isabella",True
Male,1,77,EU,Married,24xx,,,,,,"Ruiz, Michaeli",True
Female,1,70,EU,Married,24xx,,,,,,"al-Hammad, Salma",True
Male,1,72,EU,Married,23xx,,,,,,"Mccoo, Chamaray",True
Male,1,76,EU,Married,22xx,,,,,,"Rios, Avelino",True
Female,1,75,EU,Married,23xx,,,,,,"Ly, Thu",True
Female,1,70,EU,Single,24xx,,,,,,"Persson, Claire",True
Female,1,74,EU,Married,24xx,,,,,,"Perales, Elijah",True
Female,1,71,EU,Married,24xx,,,,,,"Espinosa, Lauren",True
Female,1,70,EU,Married,24xx,,,,,,"Kelly, Atienne",True
Female,1,73,EU,Married,24xx,,,,,,"Pineda, Allexis",True
Male,1,68,EU,Married,24xx,,,,,,"Gilkey, Kamen",True
Female,1,69,EU,Married,22xx,,,,,,"Sloan, Ashley",True
Female,1,73,EU,Married,23xx,,,,,,"Bonner, Amanda",True
Male,1,73,EU,Single,23xx,,,,,,"Chang, Alexander",True
Male,1,81,non-EU,Married,23xx,,,,,,"Garcia, Brandon",False
Male,1,79,EU,Married,24xx,,,,,,"Norris, Christopher",True
Male,1,82,EU,Single,23xx,,,,,,"Valenzuela, Cody",True
Male,1,65,EU,Married,22xx,,,,,,"Epps, Devante",True
Female,1,95,EU,Single,23xx,,,,,,"Aguilar-Duenez, Carly",True
Female,1,79,EU,Married,22xx,,,,,,"Lucero, Rashele",True
Male,1,74,EU,Single,24xx,,,,,,"Camacho, Andre",True
Female,1,68,EU,Married,23xx,,,,,,"Azure, Miranda",True
Male,1,84,EU,Married,24xx,,,,,,"Robertson, Joseph",True
Female,1,82,EU,Married,22xx,,,,,,"Bunting, Dominique",True
Female,1,71,EU,Married,22xx,,,,,,"Vongsaraphanh Khamvongsa, Nalani",True
Female,1,80,non-EU,Single,22xx,,,,,,"al-Abdallah, Zakiyya",False
Female,1,76,EU,Married,23xx,,,,,,"Pham, Marjan",True
Male,1,70,EU,Married,23xx,,,,,,"Gonzales, Orion",True
Male,0,29,EU,Married,21xx,,,,,,"Ware, Kenneth",True
Female,0,22,EU,Married,22xx,,,,,,"Smith, Alexus",True
Female,0,21,EU,Married,21xx,,,,,,"Miles, Sarah",True
Female,0,30,EU,Married,24xx,,,,,,"Nichols, Tylor",True
Male,0,22,EU,Married,21xx,,,,,,"Ortiz, Climaco",True
Female,0,22,EU,Married,23xx,,,,,,"Onofrio, Elise",True
Female,0,24,EU,Married,21xx,,,,,,"Ball, Marceen",True
Male,0,27,EU,Married,23xx,,,,,,"Herold, Nickolas",True
Male,0,25,EU,Married,21xx,,,,,,"Yanito, Andre",True
Male,0,31,EU,Married,24xx,,,,,,"Cocklin, Samuel",True
Male,0,26,non-EU,Married,24xx,,,,,,"Folsom, Marquis",False
Female,0,20,EU,Married,22xx,,,,,,"al-Hamidi, Mufliha",True
Male,0,24,EU,Married,22xx,,,,,,"Fender, Paul",True
Female,0,30,EU,Married,21xx,,,,,,"Antonio, Cindy",True
Male,0,32,EU,Married,21xx,,,,,,"Barraza, Antonio",True
Male,0,25,EU,Married,21xx,,,,,,"al-Hakeem, Haamid",True
Female,0,27,EU,Married,21xx,,,,,,"Friesen, Adrian",True
Female,0,32,EU,Married,23xx,,,,,,"Conway, Alexis",True
Female,0,29,EU,Married,21xx,,,,,,"Charles, Olivia",True
Female,0,32,EU,Married,23xx,,,,,,"Ng, Katheryne",True
Male,0,28,EU,Married,21xx,,,,,,"Figueroa Martinez, Edgardo",True
Female,0,31,EU,Married,21xx,,,,,,"Simmons, Nikki",True
Male,0,22,EU,Married,22xx,,,,,,"Sanders, Eric",True
Male,0,30,EU,Married,21xx,,,,,,"Hilterbrand, David",True
Female,0,32,EU,Married,23xx,,,,,,"al-Aboud, Lutfiyya",True
Female,0,31,EU,Married,22xx,,,,,,"Martinez, Melissa",True
Female,0,29,EU,Married,22xx,,,,,,"Gutierrez, Princess",True
Male,0,31,EU,Married,22xx,,,,,,"Cruz, Victor",True
Male,0,32,EU,Married,21xx,,,,,,"al-Diab, Abdul Jabbaar",True
Female,0,23,EU,Married,22xx,,,,,,"Shihadeh, Nadira",True
Female,0,26,EU,Married,23xx,,,,,,"el-Aly, Sanad",True
Female,0,21,EU,Married,24xx,,,,,,"Davis, Vivian",True
Male,0,21,EU,Married,23xx,,,,,,"Smith, Ryoga",True
Male,0,24,EU,Married,22xx,,,,,,"Antonio, Son",True
Female,0,28,EU,Married,21xx,,,,,,"Avila, Shannon",True
Male,0,23,EU,Married,23xx,,,,,,"Perez, Westen",True
Female,0,26,EU,Married,23xx,,,,,,"Cotton, Brittney",True
Male,0,25,non-EU,Married,24xx,,,,,,"Edwards, Seth",False
Female,0,27,EU,Married,22xx,,,,,,"Lamas, Darshae",True
Female,0,28,EU,Married,21xx,,,,,,"Vassel, Gabriale",True
Male,0,30,EU,Married,21xx,,,,,,"el-Fares, Shaqeeq",True
Female,0,32,EU,Married,24xx,,,,,,"Collins, Kayla",True
Female,0,32,EU,Married,21xx,,,,,,"Araracap, Salome",True
Female,0,25,EU,Married,24xx,,,,,,"Driscoll, Mercedes",True
Female,0,27,EU,Married,21xx,,,,,,"Bultema, Saman",True
Male,0,25,EU,Married,21xx,,,,,,"Curry, Nicholas",True
Female,0,29,EU,Married,22xx,,,,,,"Hutcheson, Twanna",True
Male,0,28,EU,Married,21xx,,,,,,"Platt, Trey",True
Female,0,25,EU,Married,24xx,,,,,,"Bean, Sahza",True
Male,0,26,EU,Married,21xx,,,,,,"Lee, Coe",True
Female,0,22,EU,Married,21xx,,,,,,"Aguirre, Celeste",True
Male,0,23,EU,Married,22xx,,,,,,"Badovinac, Chase",True
Female,0,32,EU,Married,23xx,,,,,,"Feldman, Michaela",True
Female,0,29,EU,Married,22xx,,,,,,"al-Rasheed, Israa",True
Female,0,29,EU,Married,23xx,,,,,,"al-Jaffer, Ghazaala",True
Female,0,32,EU,Married,21xx,,,,,,"Padilla, Jordan",True
Male,0,22,EU,Married,21xx,,,,,,"al-Neman, Haashim",True
Female,0,29,EU,Married,22xx,,,,,,"al-Rahim, Hakeema",True
Female,0,32,non-EU,Married,22xx,,,,,,"Shea, Valerie",False
Female,0,32,EU,Married,22xx,,,,,,"Sanchez, Chastity",True
Male,0,26,EU,Married,21xx,,,,,,"Morales, Joshua",True
Female,0,30,EU,Married,22xx,,,,,,"Magana Duttenheffer, Evelyn",True
Male,0,26,EU,Married,21xx,,,,,,"al-Saidi, Samir",True
Male,0,26,EU,Married,21xx,,,,,,"Torres, Benjamin",True
Male,0,23,EU,Married,24xx,,,,,,"Li, Stefan",True
Male,0,29,EU,Married,21xx,,,,,,"Egan, Cole",True
Female,0,31,EU,Married,21xx,,,,,,"Gramm, Sheila",True
Female,0,22,non-EU,Married,22xx,,,,,,"Salazar, Sarahi",False
Male,0,21,EU,Married,24xx,,,,,,"Tribble, Enrique",True
Male,0,31,non-EU,Married,22xx,,,,,,"Taylor, Jumaal",False
Female,0,25,EU,Married,21xx,,,,,,"al-Hammoud, Yaasmeena",True
Male,0,23,EU,Married,21xx,,,,,,"Avina, Adam",True
Female,0,28,EU,Married,21xx,,,,,,"al-Taheri, Fidda",True
Male,0,22,EU,Married,22xx,,,,,,"el-Mahdavi, Miqdaam",True
Female,0,31,EU,Married,24xx,,,,,,"Roseveare, Eunice",True
Male,0,26,EU,Married,21xx,,,,,,"Marquez, Daniel",True
Female,0,30,EU,Married,21xx,,,,,,"Iron Wing, Kayla",True
Male,0,24,EU,Married,23xx,,,,,,"Crazybear, Jaimin",True
Male,0,25,EU,Married,21xx,,,,,,"Vega, Caleb",True
Male,0,21,EU,Married,24xx,,,,,,"Jumbo, Werner",True
Female,0,27,EU,Married,23xx,,,,,,"Medina, Berenice",True
Male,0,26,EU,Married,22xx,,,,,,"Church, Joshua",True
Female,0,25,EU,Married,22xx,,,,,,"Digby, Belle",True
Female,0,23,EU,Married,24xx,,,,,,"Vigil, Jacqueline",True
Male,0,23,EU,Married,22xx,,,,,,"al-Shaer, Abdul Noor",True
Male,0,28,EU,Married,23xx,,,,,,"Knutson Steck, Sean",True
Male,0,21,EU,Married,22xx,,,,,,"Guilford, Christian",True
Male,0,28,EU,Married,24xx,,,,,,"Acosta, Jorge",True
Female,0,26,EU,Married,21xx,,,,,,"Robinson, Janice",True
Female,0,25,EU,Married,22xx,,,,,,"Schurr, Charlotte",True
Male,0,30,EU,Married,21xx,,,,,,"Stolley, Gilbert",True
Female,0,22,EU,Married,22xx,,,,,,"Cobb, Jorden",True
Male,0,27,EU,Married,22xx,,,,,,"al-Ghaffari, Nawf",True
Female,0,25,EU,Married,21xx,,,,,,"Depuy, Audrey",True
Male,0,28,EU,Married,21xx,,,,,,"Browitt, Frank",True
Male,0,28,non-EU,Married,22xx,,,,,,"Charley, Ryan",False
Male,0,29,EU,Married,24xx,,,,,,"Morris, Ryan",True
Male,0,26,EU,Married,24xx,,,,,,"al-Sayed, Saqr",True
Female,0,26,EU,Married,21xx,,,,,,"Smith, Savannah",True
Male,0,27,EU,Married,21xx,,,,,,"Bolton, Aaron",True
Male,0,31,EU,Married,22xx,,,,,,"Tran, Jelani",True
Male,0,29,EU,Married,22xx,,,,,,"Lagasca, Troy",True
Male,0,24,EU,Married,22xx,,,,,,"el-Azizi, Majdi",True
Female,0,30,EU,Married,23xx,,,,,,"Lang, K'Sandra",True
Male,0,24,EU,Married,22xx,,,,,,"Barron, Jeremy",True
Male,0,22,EU,Married,21xx,,,,,,"al-Niazi, Zain",True
Female,0,29,EU,Married,21xx,,,,,,"Wauneka, Courtney",True
Male,0,23,EU,Married,22xx,,,,,,"al-Mahfouz, Aarif",True
Female,0,26,EU,Married,21xx,,,,,,"Lor, Claudia",True
Male,0,23,EU,Married,23xx,,,,,,"Duran, Jawan",True
Male,0,22,EU,Married,22xx,,,,,,"el-Javed, Sharaf",True
Female,0,23,EU,Married,21xx,,,,,,"Colangelo, Bianca",True
Male,0,28,EU,Married,21xx,,,,,,"Devin, Mikal",True
Male,0,24,EU,Married,21xx,,,,,,"Flynn, John",True
Male,0,21,EU,Married,21xx,,,,,,"Jackson, D Marcco",True
Female,0,24,EU,Married,24xx,,,,,,"Munoz, Sabrina",True
Female,0,25,EU,Married,22xx,,,,,,"Garcia, Serenity",True
Male,0,27,EU,Married,23xx,,,,,,"el-Rahimi, Aasim",True
Female,0,25,EU,Married,22xx,,,,,,"Worthy, Maryan",True
Male,0,23,EU,Married,24xx,,,,,,"Carter, Tyree",True
Female,0,22,EU,Married,23xx,,,,,,"Walker, Veronique",True
Male,0,29,EU,Married,23xx,,,,,,"Blalock, Richard",True
Female,0,22,EU,Married,24xx,,,,,,"Marion, Kaileia",True
Male,0,44,EU,Married,22xx,,,,,,"Redin, Jake",True
Female,0,41,EU,Single,21xx,,,,,,"Jurado, Tisha",True
Female,0,42,non-EU,Single,22xx,,,,,,"Bundy, Natausha-Ann",False
Male,0,45,EU,Married,24xx,,,,,,"Conrad, Christopher",True
Female,0,39,EU,Married,24xx,,,,,,"Madera, Bianca",True
Female,0,43,EU,Married,21xx,,,,,,"Valles, Charity",True
Male,0,40,EU,Married,21xx,,,,,,"Stephenson, William",True
Female,0,36,EU,Married,22xx,,,,,,"Del Rosario, Jacqueline",True
Female,0,46,EU,Single,21xx,,,,,,"Nadiadi, Velia",True
Male,0,43,EU,Married,22xx,,,,,,"Billie, Traivon",True
Male,0,42,EU,Married,24xx,,,,,,"el-Younan, Ubaida",True
Female,0,39,EU,Married,23xx,,,,,,"Torres, Danielle",True
Female,0,33,EU,Married,22xx,,,,,,"Johnson, Anna",True
Male,0,45,EU,Married,23xx,,,,,,"Nguyen, Dan",True
Female,0,40,EU,Married,24xx,,,,,,"Magsaysay II, Janet",True
Male,0,45,EU,Married,24xx,,,,,,"Reinking, Keone",True
Female,0,37,non-EU,Married,21xx,,,,,,"Yeddanapudy, Natalie",False
Male,0,45,EU,Married,23xx,,,,,,"Czajka, Brandon",True
Female,0,38,EU,Married,22xx,,,,,,"Welter, Morgan",True
Male,0,45,non-EU,Married,21xx,,,,,,"Terrell, Miguel",False
Male,0,34,EU,Married,22xx,,,,,,"Callin, Jeremiah",True
Female,0,35,EU,Married,21xx,,,,,,"Garcia, Summer",True
Male,0,40,EU,Single,23xx,,,,,,"Edmond, Casey",True
Female,0,43,EU,Married,23xx,,,,,,"Tveter, Desiree",True
Male,0,41,EU,Single,24xx,,,,,,"Suchomel, Joel",True
Female,0,44,EU,Married,22xx,,,,,,"Morales, Angel",True
Male,0,43,non-EU,Married,21xx,,,,,,"Mccracken, Brandon",False
Male,0,37,EU,Married,23xx,,,,,,"Duncan, Jeremiah",True
Male,0,35,EU,Married,23xx,,,,,,"el-Ahmad, Amaan",True
Female,0,37,EU,Married,21xx,,,,,,"el-Moradi, Wasmaaa",True
Male,0,43,EU,Married,22xx,,,,,,"al-Khalid, Rushdi",True
Male,0,36,EU,Married,24xx,,,,,,"Somers, Lucas",True
Male,0,41,EU,Married,24xx,,,,,,"Nelson, William",True
Male,0,41,EU,Married,21xx,,,,,,"Winkler, Andro",True
Female,0,47,EU,Single,22xx,,,,,,"Loveless, Michelle",True
Female,0,42,EU,Single,22xx,,,,,,"Pantoja Caldera, Brenda",True
Female,0,44,EU,Single,23xx,,,,,,"el-Salem, Thamra",True
Female,0,33,EU,Married,22xx,,,,,,"Young, Samantha",True
Female,0,38,EU,Married,24xx,,,,,,"Root, Alanna",True
Female,0,33,EU,Married,22xx,,,,,,"Teka, Najuka",True
Female,0,47,EU,Single,23xx,,,,,,"al-Daoud, Raadiya",True
Female,0,33,EU,Married,21xx,,,,,,"el-Baig, Hawraa",True
Female,0,43,EU,Married,24xx,,,,,,"Pearson, Karina",True
Female,0,35,EU,Married,21xx,,,,,,"Valenzuela, Victoria",True
Female,0,37,EU,Married,21xx,,,,,,"Mitchell, Tammy",True
Male,0,34,EU,Married,22xx,,,,,,"Schubert, Joshua",True
Male,0,45,EU,Married,23xx,,,,,,"Lewis, Tyler",True
Male,0,35,EU,Married,23xx,,,,,,"Ramirez, Alfonso",True
Female,0,40,EU,Married,24xx,,,,,,"Park, Jesse",True
Female,0,34,EU,Married,22xx,,,,,,"Hinrichs, Caroline",True
Female,0,32,EU,Married,24xx,,,,,,"Abraha, Octevia",True
Male,0,39,EU,Married,22xx,,,,,,"Johnson, Joshua",True
Male,0,36,EU,Married,21xx,,,,,,"Maddux, Jacob",True
Female,0,33,EU,Married,23xx,,,,,,"Harris, Kiana",True
Male,0,45,EU,Married,24xx,,,,,,"Bui, Kenny",True
Male,0,47,EU,Married,24xx,,,,,,"Ward, Luke",True
Male,0,36,EU,Married,22xx,,,,,,"Spann, Colin",True
Female,0,47,EU,Married,24xx,,,,,,"Quarry, Kylie",True
Female,0,35,non-EU,Married,24xx,,,,,,"Jenkins, Bianka",False
Female,0,43,EU,Married,21xx,,,,,,"Wegner, Melissa",True
Female,0,44,EU,Married,24xx,,,,,,"Yeh, Nedim",True
Female,0,33,EU,Married,22xx,,,,,,"Whitebull-Delgado, Melinda",True
Female,0,46,EU,Married,23xx,,,,,,"Crystal, Shyenne",True
Female,0,47,EU,Married,23xx,,,,,,"Garcia, Quintina",True
Male,0,46,EU,Married,21xx,,,,,,"el-Wali, Hanlala",True
Male,0,33,EU,Married,24xx,,,,,,"Herrera, Regal",True
Male,0,42,EU,Married,24xx,,,,,,"Sigman, Thomas",True
Male,0,40,EU,Married,23xx,,,,,,"al-Shakir, Uthmaa N",True
Female,0,42,EU,Single,22xx,,,,,,"Wake, Ariel",True
Female,0,47,EU,Married,23xx,,,,,,"Runyan, Skylar",True
Female,0,34,EU,Married,23xx,,,,,,"al-Ansari, Nazeema",True
Male,0,47,EU,Married,22xx,,,,,,"Godfrey, Brandon",True
Female,0,43,EU,Married,23xx,,,,,,"Glasco, Chelsea",True
Female,0,45,EU,Married,24xx,,,,,,"Taimanglo, Kasia",True
Male,0,44,EU,Married,24xx,,,,,,"Lakobong, Andreas",True
Female,0,34,EU,Married,21xx,,,,,,"Nguyen, Brenda",True
Male,0,39,EU,Married,22xx,,,,,,"Marcus, Marcus",True
Female,0,35,EU,Married,22xx,,,,,,"el-Mustafa, Tayyiba",True
Male,0,46,EU,Married,21xx,,,,,,"Henderson, Zachary",True
Male,0,38,EU,Married,23xx,,,,,,"Rodriguez, Steven",True
Male,0,40,EU,Married,22xx,,,,,,"El-Nasser, Tevin",True
Female,0,33,EU,Married,21xx,,,,,,"Livigni, Arianna",True
Female,0,35,EU,Married,22xx,,,,,,"Cohen, Kylina",True
Male,0,40,EU,Married,21xx,,,,,,"Barker, Jeffrey",True
Male,0,43,EU,Married,24xx,,,,,,"Emanuel, Donovan",True
Male,0,33,EU,Married,23xx,,,,,,"Ballentine, Isaiah",True
Female,0,39,EU,Married,23xx,,,,,,"Stauffer, Molly",True
Female,0,33,EU,Married,21xx,,,,,,"Pappas, Shannon",True
Female,0,38,EU,Married,23xx,,,,,,"Song, Marielle",True
Male,0,45,EU,Married,24xx,,,,,,"Ironwing, Sonny",True
Female,0,40,EU,Married,22xx,,,,,,"el-Soliman, Ghazaala",True
Male,0,35,non-EU,Married,21xx,,,,,,"Silva, Jesus",False
Female,0,36,EU,Married,21xx,,,,,,"Pratt, Olivia",True
Female,0,47,EU,Single,24xx,,,,,,"al-Habib, Shaheera",True
Male,0,43,EU,Married,23xx,,,,,,"el-Saade, Taariq",True
Female,0,38,EU,Married,23xx,,,,,,"Coombs, Gillianne",True
Male,0,34,non-EU,Married,23xx,,,,,,"al-Huda, Baaqir",False
Male,0,44,EU,Married,22xx,,,,,,"Ibarra, Ernesto",True
Female,0,46,non-EU,Married,24xx,,,,,,"Gibble, Tayler",False
Female,0,44,EU,Married,24xx,,,,,,"Hamilton, Katherine",True
Female,0,43,EU,Married,22xx,,,,,,"Edman, Oluwademilade",True
Male,0,44,non-EU,Single,24xx,,,,,,"Lenard, Xavier",False
Female,0,42,EU,Married,23xx,,,,,,"Peters, Miranda",True
Male,0,33,EU,Married,23xx,,,,,,"Douglas, Terrance",True
Male,0,44,EU,Married,22xx,,,,,,"el-Majeed, Aslam",True
Male,0,36,EU,Married,22xx,,,,,,"Delacruz, Marco",True
Male,0,46,non-EU,Married,22xx,,,,,,"Bain, Steven",False
Female,0,43,EU,Married,24xx,,,,,,"Garcia, Selena",True
Female,0,38,EU,Married,21xx,,,,,,"Ellis, Tanesha",True
Female,0,40,EU,Married,22xx,,,,,,"Agustin, Alexa",True
Female,0,47,EU,Married,24xx,,,,,,"Nash, Bhewattie",True
Male,0,36,EU,Married,22xx,,,,,,"Cunningham, Robel",True
Male,0,43,EU,Married,22xx,,,,,,"Mattern, Brandon",True
Male,0,34,EU,Married,23xx,,,,,,"Brown, Terryle",True
Female,0,37,EU,Married,24xx,,,,,,"Sayers, Keaira",True
Female,0,33,EU,Married,23xx,,,,,,"Zhang, Angie",True
Female,0,45,EU,Married,24xx,,,,,,"Poblano, Guadalupe",True
Male,0,34,EU,Married,22xx,,,,,,"Thomas, Isaiah",True
Male,0,43,EU,Married,23xx,,,,,,"al-Saleh, Zaghlool",True
Male,0,33,non-EU,Married,24xx,,,,,,"Acosta, Josafat",False
Female,0,34,EU,Married,23xx,,,,,,"el-Samaan, Amatullah",True
Female,0,37,EU,Married,23xx,,,,,,"Yussufu, Tashara",True
Female,0,47,EU,Married,22xx,,,,,,"De Dios, Amber",True
Male,0,42,EU,Married,23xx,,,,,,"Summa, Cody",True
Female,0,42,EU,Married,21xx,,,,,,"el-Radi, Sahar",True
Male,0,34,EU,Married,24xx,,,,,,"Deleon, Trevaughn",True
Female,0,43,EU,Married,24xx,,,,,,"Sissoko, Jamillah",True
Female,0,47,EU,Married,24xx,,,,,,"Gold, Hershelle",True
Female,0,41,EU,Married,22xx,,,,,,"Nuanes, Michelle",True
Male,0,46,EU,Married,24xx,,,,,,"Bunn, Warren",True
Female,0,41,EU,Married,24xx,,,,,,"Boston, Dani",True
Female,0,38,EU,Married,23xx,,,,,,"Kee, Mariah",True
Male,0,47,EU,Single,24xx,,,,,,"Hernandez, Giovanni",True
Male,0,38,EU,Married,24xx,,,,,,"Walker, Jedeo",True
Female,0,43,non-EU,Married,24xx,,,,,,"el-Murad, Rayyana",False
Female,0,38,EU,Married,22xx,,,,,,"Kwon, Kassandra",True
Male,0,38,EU,Married,23xx,,,,,,"el-Karimi, Zameel",True
Male,0,55,EU,Married,22xx,,,,,,"al-Yamin, Saajid",True
Male,0,53,EU,Married,24xx,,,,,,"Flanagan, Joshua",True
Female,0,48,EU,Single,23xx,,,,,,"Laner, Ashlie",True
Female,0,52,EU,Married,24xx,,,,,,"Duran, Danielle",True
Female,0,53,EU,Married,22xx,,,,,,"Casey, Kayla",True
Female,0,56,EU,Married,22xx,,,,,,"Ware, Scheridan",True
Male,0,54,EU,Single,23xx,,,,,,"Peters, Mason",True
Male,0,66,EU,Married,24xx,,,,,,"el-Ghani, Shuraih",True
Male,0,59,EU,Single,24xx,,,,,,"Klements, Brandon",True
Male,0,58,EU,Married,24xx,,,,,,"Gonzalez, Jordan",True
Female,0,48,EU,Married,23xx,,,,,,"Gallegos, Guadalupe",True
Male,0,65,EU,Married,23xx,,,,,,"Siriphanh, Brian",True
Male,0,62,non-EU,Married,24xx,,,,,,"el-Azam, Qais",False
Female,0,65,EU,Married,23xx,,,,,,"al-Yacoub, Taqiyya",True
Male,0,51,EU,Single,21xx,,,,,,"Rubner Lansing, Andre",True
Female,0,51,EU,Married,22xx,,,,,,"Campos, Alejandra",True
Female,0,57,EU,Married,23xx,,,,,,"Larson, Jessica",True
Male,0,67,EU,Married,23xx,,,,,,"al-Hai, Ihaab",True
Female,0,50,EU,Married,24xx,,,,,,"el-Javed, Azeema",True
Female,0,62,EU,Single,24xx,,,,,,"Li, Candice",True
Male,0,66,EU,Married,23xx,,,,,,"Rathbun, Ellis",True
Male,0,65,EU,Married,23xx,,,,,,"al-Rahaim, Yusri",True
Female,0,57,EU,Married,24xx,,,,,,"Childs, Zhane",True
Male,0,60,EU,Single,23xx,,,,,,"el-Asad, Haamid",True
Female,0,65,EU,Married,24xx,,,,,,"al-Tabatabai, Afeefa",True
Male,0,63,EU,Married,24xx,,,,,,"Maltos, Enrique",True
Male,0,57,EU,Married,22xx,,,,,,"el-Haq, Sharaf",True
Male,0,48,EU,Married,24xx,,,,,,"Androshchuk, Samuel",True
Female,0,50,EU,Single,24xx,,,,,,"Bacon-Maldonado, Celsa",True
Female,0,54,EU,Married,24xx,,,,,,"Mcclure, Carley",True
Female,0,60,non-EU,Married,24xx,,,,,,"Bell, Trysten",False
Female,0,61,EU,Married,22xx,,,,,,"el-Baten, Mudrika",True
Male,0,52,non-EU,Married,23xx,,,,,,"Warren, Emmett",False
Male,0,61,EU,Married,24xx,,,,,,"Lor, Suppiah",True
Female,0,52,EU,Married,22xx,,,,,,"Bluford, Chelsa",True
Male,0,62,EU,Married,22xx,,,,,,"Wu, Joseph",True
Female,0,53,EU,Married,24xx,,,,,,"Stoffel, Ashleigh",True
Female,0,58,EU,Single,24xx,,,,,,"Atoe, Cynthia",True
Male,0,52,EU,Married,24xx,,,,,,"Lopez, Lazslo",True
Female,0,60,EU,Single,24xx,,,,,,"Brown, Eemoni",True
Male,0,53,EU,Married,23xx,,,,,,"Westbrook, Richard",True
Female,0,50,EU,Married,22xx,,,,,,"Oster, Maria",True
Male,0,65,EU,Single,24xx,,,,,,"Threatt, Turell",True
Female,0,56,EU,Married,24xx,,,,,,"el-Asad, Sadeeda",True
Female,0,67,EU,Single,24xx,,,,,,"Urban, Denea",True
Male,0,57,EU,Married,23xx,,,,,,"Wands, Bruce",True
Female,0,58,EU,Married,24xx,,,,,,"Regan, Elizabeth",True
Female,0,65,EU,Married,22xx,,,,,,"al-Arafat, Shamaail",True
Male,0,51,EU,Married,23xx,,,,,,"Trujillo, Elijah",True
Male,0,62,non-EU,Married,24xx,,,,,,"Moreno, Javier",False
Female,0,63,EU,Married,24xx,,,,,,"Lavelle, Arfa",True
Male,0,66,EU,Married,24xx,,,,,,"al-Abdou, Ayyoob",True
Female,0,54,EU,Married,24xx,,,,,,"Davis, Erin",True
Male,0,66,EU,Married,23xx,,,,,,"Ramirez, Alan",True
Male,0,53,EU,Single,24xx,,,,,,"el-Hamid, Suwailim",True
Female,0,61,EU,Married,23xx,,,,,,"el-Hosein, Sabiyya",True
Male,0,56,EU,Married,22xx,,,,,,"Bathija, Christopher",True
Female,0,58,EU,Married,23xx,,,,,,"Herrera, Natasha",True
Female,0,57,EU,Single,23xx,,,,,,"Vasquez, Abigail",True
Female,0,49,EU,Married,22xx,,,,,,"Tran, Yvonne",True
Male,0,55,EU,Married,24xx,,,,,,"Stott, Charles",True
Female,0,62,EU,Married,22xx,,,,,,"Juarez, Shae",True
Female,0,61,EU,Married,22xx,,,,,,"Sylvester, Paige",True
Female,0,55,EU,Married,22xx,,,,,,"el-Yousef, Miska",True
Male,0,50,EU,Single,23xx,,,,,,"Qiu, Westin",True
Male,0,51,EU,Married,23xx,,,,,,"Pradhan, David",True
Male,0,60,EU,Married,22xx,,,,,,"De Herrera, Jaime",True
Female,0,55,EU,Married,22xx,,,,,,"Yancey, Nicole",True
Male,0,54,EU,Married,23xx,,,,,,"Alarid, Patrick",True
Male,0,51,EU,Married,24xx,,,,,,"Ackerman, William",True
Female,0,57,EU,Married,22xx,,,,,,"Mitsuhashi, Patao",True
Male,0,52,EU,Married,24xx,,,,,,"Vantatenhove-Pinkerton, Anthony",True
Female,0,53,EU,Married,22xx,,,,,,"Ceniceros Pinedo, Claudia",True
Female,0,50,EU,Married,24xx,,,,,,"Robb, Kelsie",True
Female,0,67,EU,Single,22xx,,,,,,"Walker, Hope",True
Male,0,50,EU,Single,24xx,,,,,,"Yamaguchi, Johnson",True
Male,0,53,EU,Married,21xx,,,,,,"Ronan, Michael",True
Female,0,53,EU,Married,22xx,,,,,,"Crampton, Brittani",True
Male,0,54,EU,Married,23xx,,,,,,"Mcdonnell, Levi",True
Male,0,66,EU,Single,24xx,,,,,,"al-Alam, Naasiruddeen",True
Male,0,54,non-EU,Married,23xx,,,,,,"Soto, Alexander",False
Female,0,50,EU,Married,24xx,,,,,,"Rose, Rebecca",True
Female,0,67,EU,Married,24xx,,,,,,"Herrera, Rachelle",True
Female,0,51,EU,Married,23xx,,,,,,"al-Idris, Haafiza",True
Female,0,63,EU,Married,23xx,,,,,,"Vue, Sweta",True
Male,0,64,EU,Married,24xx,,,,,,"Bentley, Richard",True
Female,0,52,EU,Married,24xx,,,,,,"Prentice, Ariel",True
Male,0,62,EU,Married,24xx,,,,,,"el-Nouri, Furqaan",True
Female,0,49,EU,Married,23xx,,,,,,"al-Mir, Nisma",True
Male,0,61,EU,Married,24xx,,,,,,"al-Zaman, Rayyaan",True
Male,0,53,EU,Married,22xx,,,,,,"Gultom, Keith",True
Female,0,52,EU,Single,24xx,,,,,,"el-Taha, Nazeema",True
Male,0,50,EU,Married,24xx,,,,,,"Bharatee, Joshua",True
Female,0,49,non-EU,Single,23xx,,,,,,"Bell, Dominique",False
Male,0,48,EU,Married,23xx,,,,,,"el-Ghazi, Sabri",True
Female,0,61,EU,Single,23xx,,,,,,"Jojola, Evelyn",True
Female,0,56,EU,Married,24xx,,,,,,"Luke, Paige",True
Female,0,54,EU,Married,23xx,,,,,,"Rademacher, Lucia",True
Female,0,64,EU,Single,24xx,,,,,,"Simental, Alysia",True
Female,0,65,EU,Married,22xx,,,,,,"Montoya, Alexa",True
Male,0,57,EU,Married,23xx,,,,,,"Nunez, Josue",True
Male,0,52,EU,Married,22xx,,,,,,"Johnson, Christopher",True
Female,0,55,EU,Married,22xx,,,,,,"Ray, Chelsea",True
Male,0,53,EU,Married,23xx,,,,,,"Famber, Deonta",True
Female,0,57,EU,Married,24xx,,,,,,"al-Jafri, Sabiyya",True
Female,0,66,EU,Married,24xx,,,,,,"Cly, April",True
Male,0,65,EU,Married,22xx,,,,,,"Anderson, Michael",True
Female,0,63,EU,Married,23xx,,,,,,"Hallett, Kendall",True
Female,0,65,EU,Married,21xx,,,,,,"Towne, April",True
Male,0,52,EU,Married,24xx,,,,,,"Romero, Gabriel",True
Female,0,51,EU,Single,21xx,,,,,,"Maestas, Nathaly",True
Female,0,61,EU,Married,22xx,,,,,,"Martzloff, Cheyanne",True
Female,0,61,non-EU,Single,22xx,,,,,,"Dominguez, Jacqueline",False
Male,0,53,EU,Married,22xx,,,,,,"Vu, Brandon",True
Male,0,63,EU,Married,24xx,,,,,,"Dittloff, Marc",True
Female,0,56,EU,Single,24xx,,,,,,"al-Farooq, Fidda",True
Female,0,59,EU,Married,22xx,,,,,,"Wingo, Trenda",True
Male,0,65,EU,Married,22xx,,,,,,"Lerma, Cesar",True
Male,0,65,EU,Single,23xx,,,,,,"Ross, Grant",True
Female,0,64,EU,Single,24xx,,,,,,"Schadler, Jessica",True
Male,0,63,EU,Married,24xx,,,,,,"el-Meskin, Abbaas",True
Female,0,50,EU,Married,22xx,,,,,,"Trujillo, Rosa",True
Female,0,55,EU,Married,23xx,,,,,,"Sohn, Kari",True
Female,0,57,EU,Single,24xx,,,,,,"Huynh, Victoria",True
Female,0,66,EU,Married,24xx,,,,,,"Horton, Triayna",True
Female,0,66,non-EU,Single,24xx,,,,,,"Wheatly, Jordan",False
Male,0,47,EU,Married,24xx,,,,,,"Sarabia, Armando",True
Female,0,59,EU,Married,24xx,,,,,,"Weinmeister, Emma",True
Female,0,59,EU,Married,24xx,,,,,,"Hollin, Shannon",True
Male,0,66,EU,Single,23xx,,,,,,"el-Allam, Sultan",True
Female,0,48,EU,Single,22xx,,,,,,"Smith, Brittany",True
Male,0,54,EU,Single,22xx,,,,,,"Contreras, Salvador",True
Male,0,62,EU,Married,23xx,,,,,,"Larson, Coleman",True
Male,0,52,non-EU,Married,24xx,,,,,,"Adams, Micah",False
Female,0,49,EU,Married,24xx,,,,,,"al-Zakaria, Maazina",True
Male,0,50,EU,Married,24xx,,,,,,"Long, Dorian",True
Female,0,62,EU,Single,22xx,,,,,,"al-Salman, Waleeda",True
Female,0,48,EU,Married,23xx,,,,,,"el-Amen, Maariya",True
Female,0,64,EU,Married,23xx,,,,,,"Sleath-Kuhn, Hannah",True
Female,0,56,EU,Married,24xx,,,,,,"Oswalt-Naasz, Grayson",True
Female,0,58,EU,Married,23xx,,,,,,"Herndon, Katrina",True
Female,0,58,EU,Married,21xx,,,,,,"Robles Padilla, Genesis",True
Female,0,65,EU,Married,22xx,,,,,,"al-Pasha, Nawfa",True
Male,0,50,EU,Married,24xx,,,,,,"Mporampora, Ryan",True
Female,0,59,EU,Married,23xx,,,,,,"Huacuja Espinoza, Pamela",True
Male,0,63,EU,Single,22xx,,,,,,"Yazzie, Michael",True
Male,0,54,non-EU,Single,22xx,,,,,,"Colquitt, Christopher",False
Female,0,50,EU,Married,22xx,,,,,,"Thompson, Paige",True
Female,0,66,EU,Single,24xx,,,,,,"Williams, Laleobe",True
Male,0,58,EU,Single,21xx,,,,,,"el-Hadi, Faaid",True
Male,0,64,EU,Single,22xx,,,,,,"Phenna, Brandon",True
Male,0,57,EU,Single,22xx,,,,,,"Helfer, Jacob",True
Female,0,66,EU,Single,24xx,,,,,,"Lang, Kylee",True
Female,0,64,EU,Married,24xx,,,,,,"Gonzales, Deirdre",True
Female,0,50,EU,Married,24xx,,,,,,"Castaneda, Karen",True
Female,0,59,EU,Married,23xx,,,,,,"Apker, Kira",True
Male,0,63,EU,Married,22xx,,,,,,"Weiss, Ryan",True
Male,0,49,EU,Married,21xx,,,,,,"el-Abdelrahman, Sabaah",True
Female,0,66,EU,Single,21xx,,,,,,"Halaseh, Savannah",True
Female,0,60,EU,Single,22xx,,,,,,"el-Madani, Maazina",True
Female,0,60,EU,Married,24xx,,,,,,"Trujillo Hernandez, Felicia",True
Female,0,67,EU,Single,22xx,,,,,,"Smith, Auriel",True
Female,0,49,EU,Married,24xx,,,,,,"Rodgers, Kailey",True
Female,0,53,EU,Married,24xx,,,,,,"Pullen, Kitana",True
Female,0,57,EU,Married,23xx,,,,,,"Slechter, Dlisa",True
Female,0,52,EU,Single,24xx,,,,,,"Davis, Jacqulyn",True
Male,0,64,EU,Single,24xx,,,,,,"al-Ullah, Abbaas",True
Male,0,66,EU,Married,24xx,,,,,,"Sufi, Alexander",True
Female,0,64,EU,Married,21xx,,,,,,"Kang, Hope",True
Female,0,50,EU,Married,24xx,,,,,,"Murray, Jennifer",True
Male,0,47,EU,Married,24xx,,,,,,"Cerdenola, Cole",True
Female,0,50,EU,Single,22xx,,,,,,"Holt, Lucy",True
Female,0,51,EU,Married,23xx,,,,,,"Archuleta, Sa'Vannah",True
Female,0,59,EU,Single,23xx,,,,,,"Mercado, Cassandra",True
Female,0,56,non-EU,Single,24xx,,,,,,"Hill, Jhavone",False
Male,0,57,EU,Single,23xx,,,,,,"Cardona, Thaddeus",True
Female,0,51,EU,Married,24xx,,,,,,"Vazquez, Megan",True
Female,0,65,EU,Married,21xx,,,,,,"al-Laham, Tuhfa",True
Male,0,61,non-EU,Married,22xx,,,,,,"Gosney, Jake",False
Female,0,52,EU,Married,23xx,,,,,,"el-Baccus, Sabeeka",True
Male,0,52,EU,Married,23xx,,,,,,"Asmarzadeh, Keitaro",True
Female,0,65,EU,Single,22xx,,,,,,"Lee, Etta",True
Male,0,58,EU,Married,24xx,,,,,,"Farris, Cody",True
Male,0,55,EU,Married,23xx,,,,,,"Fern, Mikkel",True
Male,0,62,EU,Single,24xx,,,,,,"Martinez Serrano, Daniel",True
Female,0,50,EU,Married,21xx,,,,,,"Gonzalez Mejia, Cassandra",True
Male,0,66,EU,Married,24xx,,,,,,"al-Khalaf, Shaahir",True
Female,0,63,EU,Married,24xx,,,,,,"White, Taylor",True
Female,0,49,EU,Single,23xx,,,,,,"Aleman, Kimberly",True
Male,0,50,EU,Married,24xx,,,,,,"Matsushima, Ian",True
Male,0,50,EU,Married,22xx,,,,,,"Roberts, Dillon",True
Male,0,49,EU,Married,22xx,,,,,,"Bello-Trobiani, Alfredo",True
Female,0,53,EU,Married,23xx,,,,,,"Scott, Mariah",True
Male,0,54,EU,Single,24xx,,,,,,"Visher, Connor",True
Male,0,56,EU,Single,24xx,,,,,,"Sanchez, Diego",True
Male,0,65,non-EU,Single,21xx,,,,,,"el-Salem, Shaddaad",False
Female,0,60,EU,Married,24xx,,,,,,"Hernandez, Marissa",True
Female,0,54,EU,Married,24xx,,,,,,"Yohe, Ashlee",True
Female,0,66,EU,Married,23xx,,,,,,"Reverand, Jharrimarshae",True
Female,0,64,EU,Married,21xx,,,,,,"Hanson, Alyssa",True
Female,0,52,EU,Married,23xx,,,,,,"Frost, Jill",True
Male,0,49,EU,Married,23xx,,,,,,"Balderrama, Michael",True
Female,0,60,EU,Married,22xx,,,,,,"Molina, Evelyn",True
Male,0,55,non-EU,Married,22xx,,,,,,"el-Irani, Ayyoob",False
Female,0,65,EU,Married,23xx,,,,,,"al-Kazi, Mu'mina",True
Female,0,57,EU,Married,23xx,,,,,,"Owens, Allysa",True
Male,0,53,EU,Single,22xx,,,,,,"el-Satter, Nadeem",True
Male,0,48,EU,Married,24xx,,,,,,"el-Mina, Hamdaan",True
Male,0,54,EU,Married,24xx,,,,,,"Caravio, Samuel",True
Female,0,67,EU,Single,23xx,,,,,,"Frick, Regan",True
Female,0,56,EU,Married,22xx,,,,,,"Duarte, Alejandra",True
Male,0,52,EU,Married,23xx,,,,,,"Needham, Kevin",True
Female,0,63,EU,Married,24xx,,,,,,"Luevano, Anissa",True
Female,0,56,EU,Married,24xx,,,,,,"Luzardo, Estela",True
Female,0,52,EU,Married,24xx,,,,,,"Glenn, Nastassia",True
Female,0,57,EU,Married,24xx,,,,,,"el-Kader, Muneefa",True
Male,0,59,EU,Married,23xx,,,,,,"Wright, Damon",True
Female,0,65,EU,Married,22xx,,,,,,"Valdez, Briana",True
Female,0,61,EU,Single,23xx,,,,,,"el-Kaiser, Raaida",True
Male,0,60,EU,Married,22xx,,,,,,"Mccarty, Matthew",True
Female,0,67,EU,Married,23xx,,,,,,"Gayman, Aranda",True
Male,0,60,EU,Married,22xx,,,,,,"Hicks, Tylor",True
Female,0,63,EU,Single,24xx,,,,,,"Lynch, Nicole",True
Female,0,58,EU,Married,22xx,,,,,,"Marks, Shannon",True
Female,0,53,EU,Single,22xx,,,,,,"O Brien, Jocelyn",True
Male,0,54,EU,Married,22xx,,,,,,"al-Habeeb, Katheer",True
Male,0,64,EU,Married,24xx,,,,,,"Klingelsmith, Ian",True
Male,0,52,EU,Married,22xx,,,,,,"Robles, Nicholas",True
Male,0,66,EU,Single,24xx,,,,,,"Sanchez, Isaiah",True
Female,0,49,EU,Single,22xx,,,,,,"Dettmann, Mariah",True
Female,0,54,non-EU,Single,23xx,,,,,,"Abernathy, Katelyn",False
Female,0,54,EU,Married,21xx,,,,,,"Urrutia, Chelsey",True
Female,0,65,EU,Married,24xx,,,,,,"Brown, Kayla",True
Male,0,67,EU,Single,23xx,,,,,,"Kavorkian, Shon",True
Male,0,61,EU,Married,23xx,,,,,,"Finley, Uriah",True
Male,0,57,EU,Married,22xx,,,,,,"Mcbryde, Noland",True
Female,0,53,EU,Married,23xx,,,,,,"Blevins, Natasha",True
Female,0,67,EU,Married,24xx,,,,,,"Casillas Silva, Brittany",True
Female,0,48,EU,Married,24xx,,,,,,"Ortiz, Alexandria",True
Female,0,49,EU,Married,23xx,,,,,,"Aggrey Ofori, Destony",True
Female,0,65,EU,Married,24xx,,,,,,"Walker, Danayt",True
Female,0,60,EU,Married,23xx,,,,,,"Risse, Venessa",True
Female,0,58,EU,Single,22xx,,,,,,"Bruce, Sasha",True
Female,0,50,EU,Married,24xx,,,,,,"Flores-Gonzalez, Georgina",True
Male,0,51,non-EU,Single,24xx,,,,,,"Fifita, Forest",False
Male,0,54,EU,Married,22xx,,,,,,"Dehaan, Brandon",True
Female,0,55,EU,Married,24xx,,,,,,"Dietz, Shayne",True
Female,0,64,EU,Married,24xx,,,,,,"al-Adel, Naqiyya",True
Male,0,58,EU,Married,22xx,,,,,,"Kumar Rao, Rohun",True
Female,0,58,EU,Married,24xx,,,,,,"el-Salloum, Mazeeda",True
Male,0,57,EU,Single,23xx,,,,,,"al-Ahmed, Faheem",True
Female,0,48,EU,Married,23xx,,,,,,"Melendez, Alondra",True
Female,0,58,EU,Married,23xx,,,,,,"Ornelas, Michelle",True
Male,0,52,EU,Married,23xx,,,,,,"Brown, Jared",True
Female,0,56,EU,Married,21xx,,,,,,"O'Hara, Nykia",True
Male,0,52,EU,Single,22xx,,,,,,"Barela, Willie",True
Male,0,63,EU,Single,23xx,,,,,,"Harris, Aaron",True
Female,0,61,EU,Single,22xx,,,,,,"al-Shakoor, Afraah",True
Male,0,59,EU,Single,23xx,,,,,,"Trujillo, Kaleb",True
Male,0,61,EU,Married,24xx,,,,,,"Wilcox, Daniel",True
Female,0,55,EU,Married,22xx,,,,,,"Ruebel, Lara",True
Male,0,51,EU,Single,22xx,,,,,,"Ruiz, Amado",True
Female,0,57,EU,Married,22xx,,,,,,"Matthias, Jennifer",True
Female,0,61,EU,Married,22xx,,,,,,"Yohe-Ironwing, Kirsten",True
Male,0,51,EU,Married,24xx,,,,,,"al-Mostafa, Shaafi",True
Female,0,48,EU,Single,21xx,,,,,,"Schaffer, Serina",True
Male,0,50,EU,Married,24xx,,,,,,"White, Ronald",True
Female,0,53,EU,Married,23xx,,,,,,"Taylor, Marceen",True
Female,0,64,EU,Single,24xx,,,,,,"Mcdonald Landers, Chelsea",True
Female,0,52,EU,Married,24xx,,,,,,"Dindinger, Geena",True
Female,0,51,EU,Married,22xx,,,,,,"al-Salah, Azeema",True
Male,0,65,EU,Single,24xx,,,,,,"Ragoschke, Dayton",True
Male,0,55,EU,Married,24xx,,,,,,"Ritchie, Maurice",True
Male,0,65,EU,Married,24xx,,,,,,"al-Ghazi, Imraan",True
Female,0,67,EU,Married,24xx,,,,,,"Eaton, Sydney",True
Male,0,67,EU,Married,24xx,,,,,,"Rivas, Gabriel",True
Female,0,91,EU,Single,22xx,,,,,,"Benavides, Rosemerry",True
Female,0,80,EU,Married,24xx,,,,,,"Ruth, Tanna",True
Female,0,61,EU,Married,23xx,,,,,,"al-Karimi, Aneesa",True
Female,0,82,EU,Single,24xx,,,,,,"Tran, Kate",True
Female,0,70,EU,Married,23xx,,,,,,"al-Jamil, Khaira",True
Male,0,39,EU,Married,21xx,,,,,,"Xiong, Cody",True
Male,0,88,EU,Single,23xx,,,,,,"Ursich, Zachary",True
Female,0,66,EU,Single,23xx,,,,,,"al-Jabour, Huwaida",True
Male,0,70,EU,Married,22xx,,,,,,"Miguel-Gomez, Richard",True
Female,0,45,EU,Married,24xx,,,,,,"Greco-Page, Maria",True
Female,0,78,EU,Single,22xx,,,,,,"Chen, Ann",True
Female,0,82,EU,Single,22xx,,,,,,"Garth, Cinnamon",True
Male,0,84,EU,Married,21xx,,,,,,"Cochran, Matthew",True
Female,0,80,EU,Married,24xx,,,,,,"Guevara, Destiney",True
Female,0,62,EU,Married,24xx,,,,,,"Wakefield, Sabrina",True
Female,0,42,non-EU,Married,22xx,,,,,,"Keller, Savannah",False
Male,0,80,EU,Married,24xx,,,,,,"Minjarez, Jafett",True
Male,0,75,EU,Married,22xx,,,,,,"Fischer, Mahyar",True
Male,0,79,EU,Married,23xx,,,,,,"Hernandez, Emilio",True
Female,0,70,EU,Married,23xx,,,,,,"el-Kazmi, Mawhiba",True
Male,0,85,EU,Single,24xx,,,,,,"Akin, Gregory",True
Male,0,68,non-EU,Single,22xx,,,,,,"Joseph, Jerell",False
Female,0,89,EU,Single,22xx,,,,,,"Elswick, Amy",True
Male,0,78,EU,Married,23xx,,,,,,"Lor, Andrew",True
Male,0,60,EU,Single,24xx,,,,,,"Gebre-Michael, Christoffer",True
Female,0,72,EU,Married,24xx,,,,,,"Enriquez, Ana",True
Female,0,67,EU,Married,22xx,,,,,,"el-Badour, Rayyana",True
Female,0,64,non-EU,Married,21xx,,,,,,"Bancroft, Elizabeth",False
Male,0,98,EU,Single,24xx,,,,,,"Franz, Gregory",True
Female,0,84,non-EU,Married,22xx,,,,,,"Kalhoefer, Natalie",False
Female,0,61,EU,Married,23xx,,,,,,"al-Bashir, Sahar",True
Male,0,90,EU,Single,24xx,,,,,,"O Reilly, Javkhlan",True
Male,0,88,EU,Married,23xx,,,,,,"Sherer, Allajawaun",True
Male,0,77,EU,Married,24xx,,,,,,"Blanco, Christian",True
Female,0,33,EU,Married,22xx,,,,,,"Abeyta, Anjelica",True
Female,0,75,EU,Married,22xx,,,,,,"Weiss, Lindzey",True
Female,0,35,non-EU,Married,21xx,,,,,,"Wallace, Chantal",False
Female,0,92,EU,Married,23xx,,,,,,"Curtis, Nakeia",True
Male,0,68,EU,Married,21xx,,,,,,"Sanchez, Alexander",True
Female,0,53,EU,Married,23xx,,,,,,"Perez, Maria",True
Female,0,66,EU,Married,24xx,,,,,,"Harris, Briona",True
Female,0,76,EU,Married,24xx,,,,,,"Hamilton, Dominika",True
Female,0,73,EU,Married,22xx,,,,,,"el-Radwan, Wardiyya",True
Female,0,74,EU,Married,22xx,,,,,,"Ruiz, Nicole",True
Male,0,72,EU,Married,23xx,,,,,,"Kimrey, Anthony",True
Female,0,81,EU,Married,22xx,,,,,,"Dobbins, December",True
Female,0,77,EU,Married,22xx,,,,,,"Lopez, Luz",True
Female,0,62,EU,Married,24xx,,,,,,"Giltner, Rebecca",True
Male,0,96,EU,Single,24xx,,,,,,"Dresser, Richard",True
Female,0,75,EU,Single,24xx,,,,,,"Wilson, Courtney",True
Male,0,78,EU,Single,22xx,,,,,,"Nguyen, Bryan",True
Male,0,86,EU,Married,23xx,,,,,,"Muralidharan, Brandon",True
Male,0,58,EU,Married,24xx,,,,,,"al-Tamer, Husaam",True
Male,0,76,EU,Married,24xx,,,,,,"al-Maroun, Jameel",True
Male,0,60,EU,Married,22xx,,,,,,"el-Sylla, Daamir",True
Male,0,37,non-EU,Married,22xx,,,,,,"Izquierdo, Jose",False
Male,0,75,EU,Married,24xx,,,,,,"Owens, Michael",True
Male,0,65,EU,Married,22xx,,,,,,"Irvin, Preston",True
Female,0,75,EU,Married,22xx,,,,,,"Gilman, Karleina",True
Female,0,73,EU,Single,24xx,,,,,,"Panchal, Inna",True
Female,0,103,EU,Single,24xx,,,,,,"Ortiz, Chloe",True
Female,0,59,EU,Married,24xx,,,,,,"Easley, Calli",True
Female,0,47,EU,Single,23xx,,,,,,"Amundson-West, Kate",True
Male,0,74,EU,Married,24xx,,,,,,"Truong, Luis",True
Female,0,54,EU,Single,22xx,,,,,,"al-Shahidi, Waseema",True
Female,0,80,non-EU,Married,24xx,,,,,,"Gayles, Shaterica",False
Female,0,79,EU,Married,24xx,,,,,,"Mergil, Veronica",True
Male,0,89,EU,Single,23xx,,,,,,"al-Farra, Jameel",True
Female,0,69,EU,Single,22xx,,,,,,"Worford, Aubrianna",True
Female,0,77,non-EU,Married,24xx,,,,,,"Moonlight, Nikki",False
Male,0,51,EU,Married,22xx,,,,,,"Yamamoto, Julian",True
Female,0,69,EU,Single,22xx,,,,,,"Chlopek, Victoria",True
Male,0,67,EU,Married,22xx,,,,,,"el-Mattar, Dhaahir",True
Female,0,71,EU,Married,24xx,,,,,,"Williams, Olivya",True
Female,0,62,EU,Married,22xx,,,,,,"al-Jabbour, Sireen",True
Female,0,65,EU,Married,21xx,,,,,,"Arellano, Monique",True
Male,0,74,EU,Married,22xx,,,,,,"Yim, Joseph",True
Male,0,76,EU,Single,23xx,,,,,,"Rice, Jibrael",True
Female,0,85,EU,Single,24xx,,,,,,"Lightfoot, Tristin",True
Male,0,93,EU,Single,22xx,,,,,,"Sandoval, Sergio",True
Female,0,64,non-EU,Single,24xx,,,,,,"el-Dawood, Rahma",False
Male,0,74,EU,Single,23xx,,,,,,"Maddux, Tre",True
Female,0,65,EU,Married,22xx,,,,,,"Anderstrom, Krysta",True
Female,0,80,EU,Single,24xx,,,,,,"el-Amara, Tahaani",True
Female,0,90,EU,Single,24xx,,,,,,"Berry, Eloyita",True
Male,0,68,EU,Married,24xx,,,,,,"Marquez, Michael",True
Male,0,99,EU,Single,23xx,,,,,,"Valadez, Diego",True
Male,0,69,non-EU,Married,24xx,,,,,,"Gonzales, Michael",False
Female,0,62,EU,Married,23xx,,,,,,"al-Attar, Sumbula",True
Male,0,76,EU,Married,21xx,,,,,,"Merschel, Casey",True
Female,0,88,EU,Single,24xx,,,,,,"Villegas, Sadie",True
Female,0,70,EU,Married,24xx,,,,,,"el-Greiss, Tayyiba",True
Female,0,79,EU,Married,24xx,,,,,,"Nguyen, Joan",True
Female,0,95,EU,Single,24xx,,,,,,"Scott, Jasmine",True
Male,0,68,EU,Married,24xx,,,,,,"Trewartha, Jacob",True
Female,0,83,EU,Married,24xx,,,,,,"Debenedittis, Isabella",True
Male,0,88,EU,Single,23xx,,,,,,"Rodriguez, Benelito",True
Male,0,79,EU,Married,22xx,,,,,,"Morgan, Daniel",True
Male,0,88,EU,Single,24xx,,,,,,"Hamlet, Tyler",True
Female,0,66,EU,Single,22xx,,,,,,"Rivera, Miriam",True
Male,0,69,EU,Single,22xx,,,,,,"Preator, Jonathon",True
Female,0,65,EU,Married,23xx,,,,,,"Barreto-Leon, Mariah",True
Female,0,56,EU,Single,24xx,,,,,,"al-Bashir, Awaatif",True
Male,0,72,EU,Married,22xx,,,,,,"Vicknair, Joseph",True
Male,0,84,EU,Single,23xx,,,,,,"Castillo, Angel",True
Male,0,54,EU,Married,24xx,,,,,,"Kelly, Joey",True
Female,0,46,EU,Single,24xx,,,,,,"Harris, Gabrielle",True
Female,0,66,EU,Married,21xx,,,,,,"Gardella, Teresa",True
Male,0,66,EU,Married,22xx,,,,,,"Massarotti, Jared",True
Female,0,81,EU,Single,23xx,,,,,,"Fernandez, Cynthia",True
Male,0,75,EU,Single,24xx,,,,,,"Mccabe, Skye",True
Female,0,97,EU,Married,24xx,,,,,,"Dehart, Kyla",True
Male,0,78,EU,Single,22xx,,,,,,"el-Jama, Arkaan",True
Male,0,77,EU,Married,22xx,,,,,,"Toledo, Seth",True
Female,0,103,EU,Single,24xx,,,,,,"Martinez-Alcon, Jurea",True
Male,0,81,EU,Married,23xx,,,,,,"Vigil, Mario",True
Female,0,51,EU,Married,23xx,,,,,,"Bost, Gabrielle",True
Male,0,67,EU,Married,22xx,,,,,,"Yilma, Jaisean",True
Female,0,64,EU,Single,24xx,,,,,,"Nevares, Kyana",True
Female,0,90,EU,Married,23xx,,,,,,"Rinhart, Olivya",True
Female,0,49,non-EU,Married,21xx,,,,,,"el-Madani, Siddeeqa",False
Male,0,77,non-EU,Married,24xx,,,,,,"Ray, Christian",False
Male,0,71,non-EU,Married,22xx,,,,,,"White, Brendan",False
Male,0,66,EU,Married,23xx,,,,,,"Hourihan, Ervin",True
Male,0,57,EU,Single,22xx,,,,,,"al-Miah, Haashid",True
Female,0,73,EU,Married,22xx,,,,,,"Brooks, Bethel",True
Male,0,80,EU,Single,24xx,,,,,,"Fernandez, Taylor",True
Female,0,69,EU,Married,24xx,,,,,,"Camack, Alysha",True
Female,0,77,non-EU,Married,23xx,,,,,,"Young, Alexah",False
Male,0,58,EU,Married,21xx,,,,,,"Anderson, Johnny",True
Female,0,77,EU,Married,24xx,,,,,,"Glynn, Jayda",True
Female,0,81,non-EU,Married,23xx,,,,,,"Woodbury, Cassidy",False
Female,0,86,EU,Single,22xx,,,,,,"Meeker, Sarah",True
Female,0,55,EU,Married,24xx,,,,,,"Jones, Alyce",True
Male,0,76,EU,Married,24xx,,,,,,"Richards, Brandon",True
Male,0,84,non-EU,Single,24xx,,,,,,"Boden, Tyler",False
Female,0,95,EU,Single,24xx,,,,,,"el-Obeid, Mubeena",True
Male,0,79,EU,Married,23xx,,,,,,"Gates, Blake",True
Male,0,65,EU,Single,23xx,,,,,,"Lumsden, Tyler",True
Male,0,84,non-EU,Married,23xx,,,,,,"Magat, Andrew",False
Female,0,47,EU,Single,23xx,,,,,,"Stapleton, Kayla",True
Male,0,78,EU,Married,24xx,,,,,,"Seng, Kyle",True
Male,0,66,EU,Married,24xx,,,,,,"Woolsey, Dallen",True
Female,0,84,non-EU,Married,21xx,,,,,,"Smith, Courtney",False
Female,0,73,EU,Married,22xx,,,,,,"el-Noor, Raabia",True
Female,0,40,EU,Married,23xx,,,,,,"Tamblyn, Nikki",True
Male,0,76,EU,Married,24xx,,,,,,"Onuoha Onyekuru, Darian",True
Male,0,91,EU,Single,24xx,,,,,,"Sandell, Tyler",True
Male,0,60,EU,Married,24xx,,,,,,"Ramirez-Moran, Jose",True
Male,0,98,EU,Single,24xx,,,,,,"Pallister, Nicolas",True
Female,0,59,EU,Married,21xx,,,,,,"Davidovich, Shylar",True
Female,0,76,EU,Married,22xx,,,,,,"Nelson, Taylor",True
Female,0,67,EU,Married,22xx,,,,,,"Thong, Morgan",True
Male,0,86,EU,Married,23xx,,,,,,"Mayer, Nicholas",True
Female,0,98,EU,Single,23xx,,,,,,"Cabrera-Bahena, Alicia",True
Male,0,91,EU,Single,24xx,,,,,,"Franco-Aguilar, Michael",True
Female,0,51,EU,Single,24xx,,,,,,"Jones, Dashanae",True
Male,0,62,EU,Single,24xx,,,,,,"el-Edris, Abdur Razzaaq",True
Male,0,70,EU,Married,21xx,,,,,,"al-Masood, Jaarallah",True
Male,0,103,EU,Single,23xx,,,,,,"Gutierrez, Matthew",True
Male,0,102,EU,Single,21xx,,,,,,"Devilbiss, Mitchell",True
Female,0,56,EU,Married,23xx,,,,,,"Stoddard, Sarah",True
Female,0,102,EU,Single,22xx,,,,,,"Moroz, Kelsey",True
Female,0,80,non-EU,Single,22xx,,,,,,"Powell, Avianha",False
Female,0,35,EU,Married,22xx,,,,,,"Asad, Emma",True
Male,0,90,EU,Single,24xx,,,,,,"Street, Colter",True
